,sex,age,address,famsize,Pstatus,Medu,Fedu,Mjob,Fjob,reason,guardian,traveltime,studytime,failures,schoolsup,famsup,paid,activities,nursery,higher,internet,romantic,famrel,freetime,goout,Dalc,Walc,health,absences,G1,G2,G3
0,0,18,0,1,0,4,4,0,4,0,1,2,2,0,1,0,0,0,1,1,0,0,4,3,4,1,1,2,6,5,6,6
1,0,17,0,1,1,1,1,0,2,0,0,1,2,0,0,1,0,0,0,1,1,0,5,3,3,1,1,2,4,5,5,6
2,0,15,0,0,1,1,1,0,2,2,1,1,2,3,1,0,1,0,1,1,1,0,4,3,2,2,3,2,10,7,8,10
3,0,15,0,1,1,4,2,1,3,1,1,1,3,0,0,1,1,1,1,1,1,1,3,2,2,1,1,4,2,15,14,15
4,0,16,0,1,1,3,3,2,2,1,0,1,2,0,0,1,1,0,1,1,0,0,4,3,2,1,2,4,4,6,10,10
5,1,16,0,0,1,4,3,3,2,3,1,1,2,0,0,1,1,1,1,1,1,0,5,4,2,1,2,4,10,15,15,15
6,1,16,0,0,1,2,2,2,2,1,1,1,2,0,0,0,0,0,1,1,1,0,4,4,4,1,1,2,0,12,12,11
7,0,17,0,1,0,4,4,2,4,1,1,2,2,0,1,1,0,0,1,1,0,0,4,1,4,1,1,0,6,6,5,6
8,1,15,0,0,0,3,2,3,2,1,1,1,2,0,0,1,1,0,1,1,1,0,4,2,2,1,1,0,0,16,18,19
9,1,15,0,1,1,3,4,2,2,1,1,1,2,0,0,1,1,1,1,1,1,0,5,5,1,1,1,4,0,14,15,15
10,0,15,0,1,1,4,4,4,1,3,1,1,2,0,0,1,1,0,1,1,1,0,3,3,3,1,2,1,0,10,8,9
11,0,15,0,1,1,2,1,3,2,3,0,3,3,0,0,1,0,1,1,1,1,0,5,2,2,1,1,3,4,10,12,12
12,1,15,0,0,1,4,4,1,3,0,0,1,1,0,0,1,1,1,1,1,1,0,4,3,3,1,3,4,2,14,14,14
13,1,15,0,1,1,4,3,4,2,0,1,2,2,0,0,1,1,0,1,1,1,0,5,4,3,1,2,2,2,10,10,11
14,1,15,0,1,0,2,2,2,2,1,2,1,3,0,0,1,0,0,1,1,1,1,4,5,2,1,1,2,0,14,16,16
15,0,16,0,1,1,4,4,1,2,1,1,1,1,0,0,1,0,0,1,1,1,0,4,4,4,1,2,1,4,14,14,14
16,0,16,0,1,1,4,4,3,3,3,1,1,3,0,0,1,1,1,1,1,1,0,3,2,3,1,2,1,6,13,14,14
17,0,16,0,1,1,3,3,2,2,3,1,3,2,0,1,1,0,1,1,1,0,0,5,3,2,1,1,3,4,8,10,10
18,1,17,0,1,1,3,2,3,3,0,1,1,1,3,0,1,0,1,1,1,1,0,5,5,5,2,4,4,16,6,5,5
19,1,16,0,0,1,4,3,1,2,1,0,1,1,0,0,0,1,1,1,1,1,0,3,1,3,1,3,4,4,8,10,10
20,1,15,0,1,1,4,3,4,2,3,1,1,2,0,0,0,0,0,1,1,1,0,4,4,1,1,1,0,0,13,14,15
21,1,15,0,1,1,4,4,1,1,2,0,1,1,0,0,1,1,0,1,1,1,0,5,4,2,1,1,4,0,12,15,15
22,1,16,0,0,1,4,2,4,2,0,1,1,2,0,0,0,0,1,1,1,1,0,4,5,1,1,3,4,2,15,15,16
23,1,16,0,0,1,2,2,2,2,3,1,2,2,0,0,1,0,1,1,1,1,0,5,4,4,2,4,4,0,13,13,12
24,0,15,1,1,1,2,4,3,1,0,1,1,3,0,1,1,1,1,1,1,1,0,4,3,2,1,1,4,2,10,9,8
25,0,16,0,1,1,2,2,3,3,1,1,1,1,2,0,1,1,0,0,1,1,0,1,2,2,1,3,4,14,6,9,8
26,1,15,0,1,1,2,2,2,2,1,1,1,1,0,0,1,1,0,1,1,1,0,4,2,2,1,2,4,2,12,12,11
27,1,15,0,1,1,4,2,1,3,2,1,1,1,0,0,0,1,0,1,1,1,0,2,2,4,2,4,0,4,15,16,15
28,1,16,0,0,0,3,4,3,2,1,1,1,2,0,1,1,0,1,1,1,1,0,5,3,3,1,1,4,4,11,11,11
29,1,16,0,1,1,4,4,4,4,1,1,1,2,0,0,1,1,1,1,1,1,1,4,4,5,5,5,4,16,10,12,11
30,1,15,0,1,1,4,4,1,3,1,1,1,2,0,0,1,1,0,0,1,1,0,5,4,2,3,4,4,0,9,11,12
31,1,15,0,1,1,4,4,3,3,3,1,2,2,0,0,1,0,1,1,1,1,0,4,3,1,1,1,4,0,17,16,17
32,1,15,1,1,1,4,3,4,0,0,1,1,2,0,0,1,0,1,1,1,1,1,4,5,2,1,1,4,0,17,16,16
33,1,15,0,0,1,3,3,2,2,0,1,1,2,0,0,0,0,1,0,1,1,0,5,3,2,1,1,1,0,8,10,12
34,1,16,0,1,1,3,2,2,2,1,1,1,1,0,0,1,1,0,0,1,1,0,5,4,3,1,1,4,0,12,14,15
35,0,15,0,1,1,2,3,2,2,2,0,2,1,0,0,1,0,1,1,1,0,0,3,5,1,1,1,4,0,8,7,6
36,1,15,0,0,1,4,3,4,3,1,1,1,3,0,0,1,0,1,1,1,1,0,5,4,3,1,1,3,2,15,16,18
37,1,16,1,1,0,4,4,2,4,3,1,2,3,0,0,1,0,1,1,1,1,1,2,4,3,1,1,4,7,15,16,15
38,0,15,1,1,1,3,4,3,1,0,1,1,3,0,1,1,1,1,1,1,1,0,4,3,2,1,1,4,2,12,12,11
39,0,15,1,1,1,2,2,0,2,3,1,1,1,0,1,1,1,1,1,1,0,0,4,3,1,1,1,1,8,14,13,13
40,0,16,0,0,1,2,2,2,2,1,1,2,2,1,0,1,0,1,0,1,1,1,3,3,3,1,2,2,25,7,10,11
41,1,15,0,0,1,4,4,4,2,1,2,1,1,0,0,1,0,0,0,1,1,1,5,4,3,2,4,4,8,12,12,12
42,1,15,0,1,1,4,4,3,4,0,0,1,2,0,0,1,0,1,1,1,1,0,4,3,3,1,1,4,2,19,18,18
43,1,15,0,1,1,2,2,3,3,0,0,1,1,0,1,1,0,0,1,1,1,0,5,4,1,1,1,0,0,8,8,11
44,0,16,0,0,1,2,2,2,0,0,0,2,2,1,1,0,0,1,1,1,1,0,4,3,3,2,2,4,14,10,10,9
45,0,15,0,0,0,4,3,2,2,0,1,1,2,0,1,1,1,1,1,1,1,1,5,2,2,1,1,4,8,8,8,6
46,0,16,0,0,0,3,3,2,3,1,1,1,2,0,0,1,0,0,1,1,1,0,2,3,5,1,4,2,12,11,12,11
47,1,16,0,1,1,4,3,1,3,3,1,1,4,0,0,0,0,1,1,1,1,0,4,2,2,1,1,1,4,19,19,20
48,1,15,0,1,1,4,2,4,2,1,1,1,2,0,0,1,1,0,1,1,0,0,4,3,3,2,2,4,2,15,15,14
49,0,15,0,1,1,4,4,3,4,2,0,1,2,1,1,1,0,1,0,1,1,0,4,4,4,1,1,2,2,7,7,7
50,0,16,0,0,1,2,2,3,3,0,1,3,2,0,0,1,1,0,1,1,1,0,4,3,3,2,3,3,2,12,13,13
51,0,15,0,0,1,4,2,1,2,2,1,1,2,0,0,1,1,0,1,1,1,0,4,3,3,1,1,4,2,11,13,13
52,1,15,0,0,0,4,2,1,1,2,0,2,1,1,0,0,0,0,1,1,0,0,5,5,5,3,4,4,6,11,11,10
53,0,15,0,1,1,4,4,3,3,0,1,1,1,0,1,1,1,0,1,1,1,0,3,3,4,2,3,4,0,8,10,11
54,0,15,0,0,0,3,3,2,2,2,1,1,1,0,0,0,1,0,1,1,1,0,5,3,4,4,4,0,6,10,13,13
55,0,16,0,1,0,2,1,2,2,2,1,1,2,0,0,0,1,1,1,1,1,1,5,3,4,1,1,1,8,8,9,10
56,0,15,0,1,0,4,3,3,3,3,1,1,2,0,0,1,1,1,1,1,1,0,4,3,2,1,1,0,0,14,15,15
57,1,15,0,1,1,4,4,4,1,3,1,1,2,0,0,1,0,1,1,1,0,0,3,2,2,1,1,4,4,14,15,15
58,1,15,0,0,1,1,2,2,0,1,0,1,2,0,1,1,0,1,1,1,1,0,4,3,2,1,1,4,2,9,10,9
59,0,16,0,1,1,4,2,3,2,0,1,1,2,0,0,1,0,0,1,1,1,0,4,2,3,1,1,4,2,15,16,16
60,0,16,1,1,1,4,4,1,4,2,1,1,2,0,0,1,0,1,1,1,0,0,2,4,4,2,3,3,6,10,11,11
61,0,16,0,1,1,1,1,3,3,0,0,4,1,0,1,1,0,1,0,1,1,1,5,5,5,5,5,4,6,10,8,11
62,0,16,0,0,1,1,2,2,3,3,0,1,2,0,1,0,0,1,1,1,1,0,4,4,3,1,1,0,4,8,10,9
63,0,16,0,1,1,4,3,4,1,1,1,1,3,0,1,1,1,1,1,1,1,0,3,4,4,2,4,3,2,10,9,9
64,0,15,0,0,1,4,3,3,3,3,0,1,2,0,1,0,0,1,1,1,1,1,4,4,4,2,4,1,0,10,10,10
65,0,16,0,0,1,4,3,4,3,0,1,3,2,0,0,1,0,1,1,1,1,0,5,4,3,1,2,0,2,16,15,15
66,1,15,0,1,0,4,4,2,3,3,1,1,4,0,0,1,0,1,0,1,1,1,1,3,3,5,5,2,4,13,13,12
67,0,16,0,1,1,3,1,3,2,0,1,1,4,0,1,1,1,0,1,1,1,0,4,3,3,1,2,4,4,7,7,6
68,0,15,1,0,1,2,2,1,3,3,1,2,2,0,1,1,1,0,1,1,1,0,4,1,3,1,3,3,2,8,9,8
69,0,15,1,0,1,3,1,2,2,3,0,2,4,0,0,1,0,0,0,1,1,0,4,4,2,2,3,2,12,16,16,16
70,1,16,0,1,1,3,1,2,2,3,0,2,4,0,0,1,1,0,1,1,1,0,4,3,2,1,1,4,0,13,15,15
71,1,15,0,1,1,4,2,2,2,0,1,1,4,0,0,0,0,0,1,1,1,0,3,3,3,1,1,2,0,10,10,10
72,0,15,1,1,1,1,1,2,2,3,1,1,2,2,1,1,0,0,0,1,1,1,3,3,4,2,4,4,2,8,6,5
73,1,16,0,1,1,3,1,2,2,3,1,1,1,0,0,0,0,1,1,1,0,0,5,3,2,2,2,4,2,12,12,14
74,0,16,0,1,1,3,3,2,3,1,1,1,2,0,1,1,1,1,1,1,1,0,4,3,3,2,4,4,54,11,12,11
75,1,15,0,1,1,4,3,4,2,1,1,1,2,0,0,1,1,1,1,1,1,0,4,3,3,2,3,4,6,9,9,10
76,1,15,0,1,1,4,0,4,2,0,1,2,4,0,0,0,0,1,1,1,1,0,3,4,3,1,1,0,8,11,11,10
77,0,16,0,1,1,2,2,2,2,3,1,1,4,0,0,0,1,0,1,1,1,1,5,2,3,1,3,2,0,11,11,11
78,1,17,0,1,1,2,1,2,2,1,1,2,1,3,1,1,0,1,1,0,1,0,4,5,1,1,1,2,2,8,8,10
79,0,16,0,1,1,3,4,0,2,0,1,1,2,0,0,1,0,0,1,1,1,0,2,4,3,1,2,2,12,5,5,5
80,1,15,0,1,1,2,3,2,3,0,0,1,1,0,1,1,1,1,0,1,1,1,3,2,2,1,3,2,2,10,12,12
81,1,15,0,1,1,2,3,2,2,1,1,1,3,0,1,0,1,0,0,1,1,0,5,3,2,1,2,4,4,11,10,11
82,0,15,0,0,1,3,2,3,2,3,1,1,2,0,0,1,1,0,1,1,1,0,4,4,4,1,1,4,10,7,6,6
83,1,15,0,0,1,2,2,3,3,1,1,2,2,0,0,0,1,1,1,1,1,0,5,3,3,1,3,3,4,15,15,15
84,0,15,0,1,1,1,1,2,2,1,0,1,2,0,0,1,0,1,0,1,1,0,4,3,2,2,3,3,2,9,10,10
85,0,15,0,1,1,4,4,3,3,3,0,2,2,2,0,0,1,0,1,1,1,1,4,4,4,2,3,4,6,7,9,8
86,0,16,0,0,1,2,2,0,2,0,1,1,2,0,0,1,0,0,1,1,0,0,4,3,4,1,2,1,4,8,7,6
87,0,15,0,1,1,4,2,2,2,3,1,1,3,0,0,1,0,1,1,1,1,0,5,3,3,1,3,0,4,13,14,14
88,1,16,0,1,1,2,2,3,2,3,0,2,2,1,0,0,1,1,0,1,1,0,4,4,2,1,1,2,12,11,10,10
89,1,16,0,0,0,4,4,4,1,3,1,1,2,0,0,1,0,0,1,1,0,0,4,1,3,3,5,4,18,8,6,7
90,0,16,0,1,1,3,3,2,2,1,1,1,3,0,0,1,1,0,1,1,1,1,4,3,3,1,3,3,0,7,7,8
91,0,15,0,1,1,4,3,3,2,3,1,1,1,0,0,0,1,1,1,1,1,0,4,5,5,1,3,0,4,16,17,18
92,0,16,0,0,1,3,1,2,2,1,0,1,2,0,1,1,0,0,1,1,0,0,3,3,3,2,3,1,4,7,6,6
93,0,16,0,1,1,4,2,4,3,1,1,2,2,0,0,1,1,1,1,1,1,0,5,3,3,1,1,0,0,11,10,10
94,1,15,0,0,1,2,2,3,1,3,1,1,4,0,0,1,0,1,1,1,1,0,4,3,4,1,1,3,6,11,13,14
95,0,15,1,1,1,1,1,0,2,1,1,2,4,1,1,1,1,1,1,1,1,0,3,1,2,1,1,0,2,7,10,10
96,1,16,1,1,1,4,3,3,2,3,1,2,1,0,1,1,0,1,0,1,1,0,3,3,3,1,1,3,2,11,15,15
97,0,16,0,1,1,2,1,2,2,0,1,1,2,0,0,1,1,0,1,1,0,1,4,3,5,1,1,4,2,8,9,10
98,0,16,0,1,1,4,4,2,2,3,1,1,1,0,0,0,0,1,0,1,1,0,5,3,4,1,2,0,6,11,14,14
99,0,16,0,1,1,4,3,2,0,0,1,1,3,0,1,1,1,0,1,1,1,0,5,3,5,1,1,2,0,7,9,8
100,1,16,0,1,1,4,4,3,3,2,1,1,1,0,1,1,1,1,1,1,1,0,4,5,5,5,5,3,14,7,7,5
101,1,16,0,1,1,4,4,3,4,2,0,1,3,0,0,1,0,1,1,1,1,1,4,4,3,1,1,3,0,16,17,17
102,1,15,0,1,1,4,4,3,2,0,1,1,1,0,0,1,0,1,0,1,1,0,5,3,3,1,1,4,4,10,13,14
103,0,15,0,1,1,3,2,3,2,1,1,2,2,0,1,1,1,0,1,1,1,0,4,3,5,1,1,1,26,7,6,6
104,1,15,0,1,0,3,4,3,2,0,1,1,2,0,0,1,1,1,1,1,1,0,5,4,4,1,1,0,0,16,18,18
105,0,15,0,1,0,3,3,2,1,3,0,1,4,0,1,0,0,0,1,1,0,0,4,3,3,1,1,3,10,10,11,11
106,0,15,0,1,1,2,2,2,2,0,1,1,4,0,1,1,1,0,1,1,1,0,5,1,2,1,1,2,8,7,8,8
107,1,16,0,1,1,3,3,3,2,1,0,1,3,0,0,1,0,1,1,1,1,0,5,3,3,1,1,4,2,16,18,18
108,1,15,1,1,1,4,4,2,2,1,0,4,4,0,0,1,1,1,1,1,1,1,1,3,5,3,5,0,6,10,13,13
109,0,16,0,0,1,4,4,1,1,2,1,1,3,0,0,1,1,1,1,1,1,1,5,4,5,1,1,3,4,14,15,16
110,1,15,0,0,0,4,4,4,4,0,1,1,1,0,0,0,0,1,1,1,1,0,5,5,3,1,1,3,6,18,19,19
111,0,16,1,1,1,3,3,3,2,3,0,1,3,1,1,1,0,1,1,1,1,0,4,1,2,1,1,1,0,7,10,10
112,0,16,0,1,1,2,2,0,2,1,1,1,2,1,1,0,0,1,1,1,1,0,3,1,2,1,1,4,6,10,13,13
113,1,15,0,0,1,4,2,4,2,0,1,1,1,0,0,0,0,0,1,1,1,0,3,5,2,1,1,2,10,18,19,19
114,1,15,1,1,1,2,1,1,3,3,1,1,2,0,0,0,0,1,1,1,1,1,5,4,2,1,1,4,8,9,9,9
115,1,16,0,1,1,4,4,4,4,0,0,1,2,0,0,1,0,1,1,1,1,0,5,4,4,1,2,4,2,15,15,16
116,1,15,0,1,1,4,4,2,4,3,0,2,2,0,0,1,0,1,1,1,0,0,4,4,3,1,1,1,2,11,13,14
117,1,16,0,1,1,3,3,2,3,1,0,2,1,0,0,0,0,1,1,1,1,0,5,4,2,1,1,4,0,13,14,13
118,1,17,1,1,1,1,3,2,2,0,0,3,2,1,0,1,0,1,1,1,1,0,5,2,4,1,4,4,20,9,7,8
119,1,15,0,1,1,3,4,2,2,3,0,1,1,0,0,0,0,0,1,1,1,0,3,4,3,1,2,3,6,14,13,13
120,0,15,0,1,1,1,2,0,3,0,1,1,2,0,0,0,0,0,0,1,1,0,3,2,3,1,2,0,2,16,15,15
121,1,15,0,1,1,2,2,3,3,1,0,1,4,0,0,1,1,1,1,1,1,0,5,5,4,1,2,4,6,16,14,15
122,0,16,0,0,1,2,4,2,1,0,0,2,2,0,0,1,1,1,1,1,1,1,4,2,2,1,2,4,2,13,13,13
123,1,16,0,1,1,4,4,1,2,0,1,1,1,0,0,1,0,1,1,1,1,0,3,4,4,1,4,4,18,14,11,13
124,0,16,0,1,1,2,2,2,2,1,1,1,2,0,0,0,1,0,1,1,1,1,5,4,4,1,1,4,0,8,7,8
125,1,15,0,1,1,3,4,3,3,1,0,1,1,0,1,0,0,0,1,1,1,0,5,5,5,3,2,4,0,13,13,12
126,0,15,0,0,0,3,4,2,2,1,1,1,2,0,1,0,0,1,1,1,1,1,5,3,2,1,1,0,0,7,10,11
127,0,19,0,1,1,0,1,0,2,0,2,1,2,3,0,1,0,0,0,0,0,0,3,4,2,1,1,4,2,7,8,9
128,1,18,1,1,1,2,2,3,2,3,1,1,1,2,0,1,0,1,1,1,1,0,3,3,3,1,2,3,0,7,4,0
129,1,16,1,1,1,4,4,4,4,0,1,1,1,0,0,0,1,1,1,1,1,0,3,5,5,2,5,3,8,18,18,18
130,0,15,1,1,1,3,4,3,4,0,0,2,3,2,0,1,0,0,1,1,1,1,4,2,2,2,2,4,0,12,0,0
131,0,15,0,1,1,1,1,0,2,0,1,3,1,0,0,1,0,1,0,1,1,1,4,3,3,1,2,3,0,8,0,0
132,0,17,0,0,1,2,2,2,2,0,0,1,1,0,0,1,0,0,1,1,1,1,3,4,4,1,3,4,12,10,13,12
133,0,16,0,1,0,3,4,3,2,0,0,1,1,0,0,0,0,0,1,1,1,0,3,2,1,1,4,4,16,12,11,11
134,1,15,1,1,1,3,4,0,4,0,1,4,2,0,0,1,0,0,1,1,0,1,5,3,3,1,1,4,0,9,0,0
135,0,15,0,1,1,4,4,3,0,0,1,1,3,0,0,1,0,1,1,1,1,1,4,3,3,1,1,4,0,11,0,0
136,1,17,1,1,1,3,4,0,2,0,1,3,2,0,0,0,0,0,1,1,0,0,5,4,5,2,4,4,0,10,0,0
137,0,16,0,1,0,3,3,2,2,0,2,2,1,2,0,1,0,1,0,1,1,1,4,3,2,1,1,4,0,4,0,0
138,1,16,0,0,1,1,1,3,2,0,1,1,2,1,0,0,0,0,1,1,0,1,4,4,4,1,3,4,0,14,12,12
139,0,15,0,1,1,4,4,4,4,0,1,2,1,0,0,0,0,1,1,1,1,0,4,3,2,1,1,4,0,16,16,15
140,1,15,0,1,1,4,3,4,3,0,0,2,4,0,1,1,0,0,1,1,1,0,2,2,2,1,1,2,0,7,9,0
141,1,16,0,0,1,2,2,3,3,3,0,2,1,2,0,1,0,1,1,1,1,0,2,3,3,2,2,1,8,9,9,9
142,0,15,0,1,1,4,4,4,3,0,1,1,3,0,0,1,1,1,1,1,1,0,4,2,2,1,1,4,2,9,11,11
143,0,16,0,0,1,1,1,0,0,0,1,1,1,0,0,0,0,0,1,1,1,0,3,4,4,3,3,0,2,14,14,13
144,1,17,0,1,1,2,1,2,2,1,1,1,1,3,0,1,0,0,1,1,1,0,5,4,5,1,2,4,0,5,0,0
145,0,15,0,1,1,1,1,2,3,0,0,1,2,0,0,1,1,0,1,1,1,0,4,4,2,1,2,4,0,8,11,11
146,0,15,0,1,1,3,2,1,3,1,0,1,2,3,0,1,0,0,1,1,1,0,3,3,2,1,1,2,0,6,7,0
147,0,15,0,1,1,1,2,0,2,0,1,1,2,0,0,1,1,0,0,1,1,0,4,3,2,1,1,4,2,10,11,11
148,1,16,0,1,1,4,4,4,4,0,1,1,1,0,0,1,0,0,1,0,1,1,3,3,2,2,1,4,0,7,6,0
149,1,15,0,0,0,2,1,3,2,0,1,4,1,3,0,0,0,0,1,1,1,0,4,5,5,2,5,4,0,8,9,10
150,1,18,0,0,1,1,1,2,2,0,1,1,1,3,0,0,0,0,1,0,1,1,2,3,5,2,5,3,0,6,5,0
151,1,16,0,0,1,2,1,0,2,0,1,1,1,1,0,0,0,1,1,1,0,1,4,4,4,3,5,4,6,12,13,14
152,0,15,1,1,1,3,3,3,3,3,2,2,3,2,0,1,1,1,1,1,1,1,4,2,1,2,3,2,8,10,10,10
153,1,19,0,1,1,3,2,3,0,1,1,1,1,3,0,1,0,0,1,0,1,1,4,5,4,1,1,3,0,5,0,0
154,0,17,0,1,1,4,4,2,4,0,1,1,1,0,1,1,0,0,1,1,0,1,4,2,1,1,1,3,0,11,11,12
155,1,15,1,1,1,2,3,0,3,0,1,1,2,0,1,0,1,1,1,1,0,0,4,4,4,1,1,0,2,11,8,8
156,1,17,1,0,1,1,2,2,2,3,1,1,1,0,0,0,0,0,1,1,0,0,2,2,2,3,3,4,8,16,12,13
157,0,18,1,1,1,1,1,0,2,0,1,3,1,3,0,1,0,1,0,1,0,0,5,2,5,1,5,3,6,9,8,10
158,1,16,1,1,1,2,2,0,2,0,1,3,1,0,0,0,0,0,0,1,0,0,4,2,2,1,2,2,2,17,15,15
159,1,16,0,1,1,3,3,2,3,0,0,1,2,1,0,1,1,0,1,1,1,1,4,5,5,4,4,4,4,10,12,12
160,1,17,1,0,1,2,1,0,2,0,1,2,1,2,0,0,0,1,1,0,1,1,3,3,2,2,2,4,0,7,6,0
161,1,15,1,1,1,3,2,2,2,0,1,2,2,2,1,1,0,0,1,1,1,1,4,4,4,1,4,2,6,5,9,7
162,1,16,0,0,1,1,2,2,2,0,1,2,1,1,0,0,0,1,1,1,0,0,4,4,4,2,4,4,0,7,0,0
163,1,17,0,1,1,1,3,0,3,0,0,1,1,0,0,0,0,0,1,0,1,0,5,3,3,1,4,1,2,10,10,10
164,1,17,1,0,1,1,1,2,3,0,1,4,2,3,0,0,0,1,1,0,0,1,5,3,5,1,5,4,0,5,8,7
165,1,16,0,1,1,3,2,3,3,0,1,2,1,1,0,1,0,1,0,0,0,0,4,5,2,1,1,1,16,12,11,12
166,1,16,0,1,1,2,2,2,2,0,0,1,2,0,0,0,0,0,1,0,1,0,4,3,5,2,4,3,4,10,10,10
167,0,16,0,1,1,4,2,1,3,1,0,1,2,0,0,0,1,0,1,1,1,1,4,2,3,1,1,2,0,14,15,16
168,0,16,0,1,1,2,2,2,2,1,1,1,2,0,0,1,1,0,0,1,1,0,5,1,5,1,1,3,0,6,7,0
169,0,16,0,1,1,4,4,1,1,3,1,1,2,0,0,1,1,0,1,1,1,1,4,4,2,1,1,2,0,14,14,14
170,1,16,0,1,1,3,4,2,2,0,0,3,1,2,0,1,0,1,0,1,1,0,3,4,5,2,4,1,0,6,5,0
171,1,16,0,1,1,1,0,2,2,3,1,2,2,0,0,1,1,1,1,1,1,1,4,3,2,1,1,2,2,13,15,16
172,1,17,0,0,1,4,4,4,2,3,1,1,2,0,0,1,1,1,1,1,1,0,4,4,4,1,3,4,0,13,11,10
173,0,16,0,1,1,1,3,0,3,1,1,1,2,3,0,0,0,1,0,1,1,1,4,3,5,1,1,2,0,8,7,0
174,0,16,0,0,1,3,3,2,2,3,1,2,2,0,0,1,1,1,1,1,1,0,4,4,5,1,1,3,4,10,11,9
175,1,17,0,0,1,4,3,4,2,0,1,2,2,0,0,0,1,1,1,1,1,0,4,4,4,4,4,3,4,10,9,9
176,0,16,0,1,1,2,2,3,2,3,1,2,2,0,0,0,1,1,0,1,1,0,3,4,4,1,4,4,2,13,13,11
177,1,17,0,1,1,3,3,2,2,3,0,1,2,0,0,0,0,1,0,1,1,0,4,3,4,1,4,3,4,6,5,6
178,1,16,1,1,1,4,2,4,3,2,1,1,1,0,0,1,0,1,1,1,1,1,4,3,3,3,4,2,10,10,8,9
179,1,17,0,1,1,4,3,2,2,0,1,1,2,0,0,1,0,1,1,1,1,1,5,2,3,1,1,1,4,10,10,11
180,1,16,0,1,1,4,3,4,2,1,1,1,2,0,0,1,1,1,1,1,1,0,3,4,3,2,3,2,10,9,8,8
181,1,16,0,1,1,3,3,3,2,1,1,1,2,0,0,0,1,1,1,1,1,1,4,2,3,1,2,2,2,12,13,12
182,0,17,0,1,1,2,4,3,3,3,0,1,2,0,0,1,0,1,1,1,0,0,5,4,2,2,3,4,0,16,17,17
183,0,17,0,0,1,3,3,2,2,3,1,1,2,0,0,1,0,1,1,1,1,1,5,3,3,2,3,0,56,9,9,8
184,0,16,0,1,1,3,2,2,2,3,1,1,2,0,0,1,1,0,1,1,1,0,1,2,2,1,2,0,14,12,13,12
185,1,17,0,1,1,3,3,3,3,2,1,1,2,0,0,1,0,1,1,1,1,1,4,3,4,2,3,3,12,12,12,11
186,1,16,0,1,1,1,2,3,3,2,1,1,1,0,0,1,1,1,1,1,1,1,3,3,3,1,2,2,2,11,12,11
187,1,16,0,0,1,2,1,2,2,0,1,1,2,0,0,0,1,1,1,1,1,1,4,2,3,1,2,4,0,15,15,15
188,0,17,0,1,0,3,3,1,2,3,1,1,2,0,0,1,0,0,0,1,1,1,3,3,3,1,3,2,6,8,7,9
189,1,17,1,1,1,1,2,0,2,1,1,1,2,0,0,0,0,0,1,1,0,0,3,1,3,1,5,2,4,8,9,10
190,0,16,0,1,1,2,3,3,3,0,1,1,2,0,0,0,0,0,1,1,1,0,4,3,3,1,1,1,10,11,12,13
191,0,17,0,1,1,1,1,0,3,0,1,1,2,0,0,0,0,1,1,1,1,0,5,3,3,1,1,2,0,8,8,9
192,1,17,0,1,1,1,2,0,3,2,2,2,2,0,0,0,1,1,0,1,1,0,4,4,4,4,5,4,12,7,8,8
193,1,16,1,1,1,3,3,3,3,3,1,1,1,0,0,1,0,1,1,1,1,0,4,3,2,3,4,4,8,8,9,10
194,1,16,0,1,1,2,3,2,2,1,0,2,1,0,0,0,0,0,1,1,1,0,5,3,3,1,1,2,0,13,14,14
195,0,17,0,0,1,2,4,3,3,0,0,1,2,0,0,0,0,1,1,1,1,1,4,3,2,1,1,4,0,14,15,15
196,1,17,0,1,1,4,4,3,4,1,1,1,1,0,0,0,0,0,1,1,1,0,5,2,3,1,2,4,4,17,15,16
197,1,16,1,0,1,3,3,4,2,1,0,3,1,0,0,1,1,1,1,1,1,0,3,3,4,3,5,2,8,9,9,10
198,0,17,0,1,1,4,4,3,4,1,1,2,1,1,0,1,0,0,1,1,1,0,4,2,4,2,3,1,24,18,18,18
199,0,16,0,0,1,4,4,4,4,3,1,1,2,0,0,1,1,0,1,1,1,0,4,5,2,1,2,2,0,9,9,10
200,0,16,0,1,1,4,3,1,2,1,1,1,2,0,0,1,0,1,1,1,1,0,4,3,5,1,5,1,2,16,16,16
201,0,16,0,1,1,2,3,2,2,3,1,1,2,0,1,1,1,1,1,1,0,0,4,4,3,1,3,3,6,8,10,10
202,0,17,0,1,1,1,1,2,2,0,1,1,2,0,0,1,1,0,0,1,0,0,4,4,4,1,3,0,4,9,9,10
203,0,17,1,1,1,2,2,2,2,3,1,1,1,0,0,1,0,0,1,1,1,0,5,3,2,1,2,2,18,7,6,6
204,0,16,1,1,1,2,2,3,3,3,1,2,4,0,0,1,1,1,0,1,1,0,5,3,5,1,1,4,6,10,10,11
205,0,17,0,1,1,3,4,0,3,1,1,1,3,1,0,1,1,0,1,1,1,1,4,4,3,3,4,4,28,10,9,9
206,0,16,0,1,0,3,1,3,2,0,1,1,2,3,0,1,1,0,1,1,1,0,2,3,3,2,2,3,5,7,7,7
207,0,16,0,1,1,4,3,4,2,2,1,1,2,0,0,0,1,1,1,1,1,1,1,3,2,1,1,0,10,11,12,13
208,0,16,0,1,1,1,1,0,2,1,1,2,1,0,0,1,1,0,1,1,0,0,4,3,2,1,4,4,6,9,9,10
209,0,17,1,1,1,4,3,4,2,3,1,2,3,0,0,1,1,1,1,1,1,1,4,4,2,1,1,3,6,7,7,7
210,0,19,0,1,1,3,3,2,2,3,2,1,4,0,0,1,1,1,1,1,1,0,4,3,3,1,2,2,10,8,8,8
211,1,17,0,0,1,4,4,3,2,1,1,1,2,0,0,1,1,0,1,1,1,1,5,3,5,4,5,2,13,12,12,13
212,0,16,0,1,0,2,2,2,2,3,1,1,2,0,1,1,1,0,1,1,1,0,3,3,4,1,1,3,0,12,13,14
213,1,18,0,1,1,2,2,3,2,1,1,1,2,1,0,1,1,1,1,1,1,0,4,4,4,2,4,4,15,6,7,8
214,0,17,1,0,1,4,4,3,2,2,1,1,1,0,0,1,1,0,1,1,0,0,5,2,1,1,2,2,12,8,10,10
215,0,17,0,0,1,3,2,2,2,3,1,2,2,0,0,0,1,0,1,1,1,0,4,4,4,1,3,0,2,14,15,15
216,0,17,0,1,1,4,3,2,2,3,1,1,2,2,0,0,1,0,1,1,1,1,3,4,5,2,4,0,22,6,6,4
217,1,18,0,0,1,3,3,3,1,1,0,1,2,1,0,1,1,0,1,1,1,0,3,2,4,2,4,3,13,6,6,8
218,0,17,0,1,1,2,3,0,2,1,0,2,1,0,0,1,1,0,1,1,0,0,3,3,3,1,4,2,3,7,7,8
219,0,17,0,1,1,2,2,0,0,0,1,1,3,0,0,1,1,1,1,1,1,0,4,3,3,1,1,3,4,9,10,10
220,0,17,1,1,1,2,1,0,3,3,1,2,2,0,0,1,0,1,1,1,1,0,4,2,5,1,2,4,2,6,6,6
221,0,17,0,1,1,1,1,0,2,3,1,1,3,1,0,1,0,1,1,1,0,1,4,3,4,1,1,4,0,6,5,0
222,0,16,0,1,1,2,3,3,4,2,1,1,2,0,1,0,0,0,1,1,1,0,2,3,1,1,1,2,2,16,16,17
223,1,18,0,1,1,2,2,2,2,1,1,2,2,0,0,1,1,0,1,1,1,0,3,3,3,5,5,3,0,12,13,13
224,0,16,0,1,1,4,4,4,3,1,1,1,3,0,0,1,0,1,0,1,1,0,5,3,2,1,1,4,0,13,13,14
225,0,18,1,1,1,3,1,2,2,3,1,1,2,1,0,0,0,1,1,1,1,1,5,3,3,1,1,3,16,9,8,7
226,0,17,0,1,1,3,2,2,2,0,1,1,2,0,0,0,0,1,0,1,1,0,5,3,4,1,3,2,10,16,15,15
227,1,17,0,0,1,2,3,3,3,3,0,1,2,0,0,1,1,0,0,1,1,0,5,3,3,1,3,2,2,12,11,12
228,1,18,0,0,1,2,1,0,2,0,1,4,2,0,1,1,1,1,1,1,1,1,4,3,2,4,5,2,14,10,8,9
229,0,17,0,1,0,2,1,2,2,0,1,2,3,0,0,0,0,1,1,1,1,1,3,2,3,1,2,2,10,12,10,12
230,0,17,0,0,1,4,3,1,2,3,0,1,2,0,0,0,0,1,1,1,1,1,3,2,3,1,2,2,14,13,13,14
231,1,17,1,1,1,2,2,2,2,0,0,2,2,0,0,1,1,1,1,1,1,0,4,5,2,1,1,0,4,11,11,11
232,1,17,0,1,1,4,4,4,4,3,1,1,2,0,1,1,0,1,1,1,1,1,4,5,5,1,3,1,14,11,9,9
233,1,16,0,1,1,4,4,1,2,3,0,1,2,0,0,1,1,1,1,1,1,0,4,2,4,2,4,0,2,14,13,13
234,1,16,0,0,1,1,1,2,2,1,1,2,2,0,0,1,1,0,1,1,1,0,3,4,2,1,1,4,18,9,7,6
235,1,16,0,1,1,3,2,0,2,3,1,2,3,0,0,0,0,1,1,1,1,1,5,3,3,1,3,1,10,11,9,10
236,1,17,0,0,1,2,2,2,2,1,0,1,2,0,0,0,1,1,0,1,1,1,4,4,2,5,5,3,4,14,13,13
237,0,16,0,1,1,2,1,2,2,1,1,1,1,0,0,0,0,0,1,1,1,1,4,5,2,1,1,4,20,13,12,12
238,0,17,1,1,1,2,1,0,3,0,1,3,2,0,0,0,0,1,1,1,0,0,2,1,1,1,1,2,2,13,11,11
239,1,18,0,1,1,2,2,2,3,3,0,1,2,1,0,0,0,0,1,0,1,0,5,5,4,3,5,1,0,7,7,0
240,1,17,0,0,1,4,3,1,2,0,1,2,2,0,0,0,0,1,1,1,1,1,2,5,5,1,4,4,14,12,12,12
241,1,17,1,0,0,4,4,4,2,0,1,2,2,0,0,1,1,0,1,1,1,0,3,3,3,2,3,3,2,10,11,12
242,1,16,0,0,1,4,3,4,2,0,1,1,1,0,0,0,0,1,0,1,1,0,5,4,5,1,1,2,0,6,0,0
243,1,16,0,1,1,4,4,3,3,0,1,1,1,0,0,0,0,1,1,1,1,0,5,3,2,1,2,4,0,13,12,12
244,0,18,0,1,1,2,1,2,2,0,2,2,3,0,0,1,1,0,0,1,1,1,4,4,4,1,1,2,0,7,0,0
245,1,16,0,1,1,2,1,2,2,0,1,3,1,0,0,0,0,0,1,1,1,0,4,3,3,1,1,3,6,18,18,18
246,1,17,0,1,1,2,3,2,2,0,0,2,1,0,0,0,0,0,1,1,1,0,5,2,2,1,1,1,4,12,12,13
247,1,22,0,1,1,3,1,3,3,2,1,1,1,3,0,0,0,0,0,0,1,1,5,4,5,5,5,0,16,6,8,8
248,1,18,1,0,1,3,3,2,3,0,1,1,2,1,0,1,0,0,1,1,1,1,4,3,3,1,3,4,8,3,5,5
249,1,16,0,1,1,0,2,2,2,2,1,1,1,0,0,0,1,0,0,1,1,0,4,3,2,2,4,4,0,13,15,15
250,1,18,0,1,1,3,2,3,2,0,1,2,1,1,0,0,0,0,1,0,1,0,4,4,5,2,4,4,0,6,8,8
251,1,16,0,1,1,3,3,0,2,3,2,3,2,0,1,1,0,0,0,1,1,0,5,3,3,1,3,1,6,7,10,10
252,1,18,0,1,1,2,1,3,3,2,1,1,1,1,0,0,0,0,0,0,1,0,3,2,5,2,5,4,4,6,9,8
253,1,16,1,1,1,2,1,2,2,0,1,2,1,0,0,0,0,1,0,1,0,0,3,3,2,1,3,2,0,8,9,8
254,1,17,1,1,1,2,1,2,2,0,1,1,1,0,0,0,0,0,0,1,1,0,4,4,2,2,4,4,0,8,12,12
255,1,17,0,0,1,1,1,1,2,0,1,2,1,1,0,1,0,1,1,1,1,0,4,4,4,1,2,4,2,7,9,8
256,0,17,0,0,1,4,2,4,3,3,1,1,4,0,0,1,1,1,1,1,1,0,4,2,3,1,1,3,6,14,12,13
257,1,19,0,0,0,4,3,3,0,3,1,1,2,0,0,1,0,0,1,1,1,0,4,3,1,1,1,0,12,11,11,11
258,1,18,0,1,1,2,1,2,2,1,1,1,2,0,0,0,0,1,1,1,1,0,5,2,4,1,2,3,8,15,14,14
259,0,17,0,0,1,2,2,3,3,0,0,1,4,0,0,0,1,1,1,1,1,1,3,4,1,1,1,1,0,10,9,0
260,0,18,0,1,1,4,3,3,2,1,0,1,2,0,0,1,1,0,1,1,1,1,3,1,2,1,3,1,21,17,18,18
261,1,18,0,1,1,4,3,4,2,0,1,1,2,0,0,1,1,0,0,1,1,0,4,3,2,1,1,2,2,8,8,8
262,1,18,1,1,1,3,2,2,2,0,1,1,3,0,0,0,0,1,0,1,0,0,5,3,2,1,1,2,1,13,12,12
263,0,17,0,1,1,3,3,2,2,1,1,1,3,0,0,0,0,1,0,1,0,0,3,2,3,1,1,3,4,10,9,9
264,0,18,0,1,1,2,2,0,3,1,1,1,3,0,0,1,1,1,1,1,1,1,4,3,3,1,1,2,0,9,10,0
265,1,18,1,0,0,3,4,2,2,3,1,2,2,0,0,1,1,1,1,1,1,0,4,2,5,3,4,0,13,17,17,17
266,1,17,0,1,1,3,1,3,2,2,1,1,2,0,0,0,1,1,1,1,1,1,5,4,4,3,4,4,2,9,9,10
267,0,18,1,1,1,4,4,4,2,3,1,2,2,0,0,0,1,1,1,1,1,0,4,3,4,2,2,3,8,12,10,11
268,1,18,0,1,1,4,2,1,2,3,0,1,2,0,0,1,1,1,1,1,1,1,5,4,5,1,3,4,10,10,9,10
269,0,18,1,1,1,2,1,2,2,3,1,2,2,0,0,1,0,0,1,0,1,1,4,3,5,1,2,2,0,6,0,0
270,0,19,0,1,1,3,3,2,3,1,2,1,2,2,0,1,1,1,1,1,1,0,4,3,5,3,3,4,15,9,9,9
271,0,18,0,1,1,2,3,2,3,3,0,1,4,0,0,1,1,1,1,1,1,1,4,5,5,1,3,1,4,15,14,14
272,0,18,0,0,1,1,1,2,2,1,1,2,2,0,0,1,1,0,0,1,0,0,4,4,3,1,1,2,2,11,11,11
273,1,17,1,1,1,1,2,0,0,1,1,1,2,0,0,1,1,1,0,1,0,1,3,5,2,2,2,0,2,15,14,14
274,0,17,0,1,1,2,4,0,1,3,1,2,2,0,0,1,1,0,1,1,1,1,4,3,3,1,1,0,2,10,10,10
275,0,17,0,0,1,2,2,3,2,0,1,2,2,0,1,1,1,0,1,1,1,1,4,4,4,2,3,4,6,12,12,12
276,0,18,1,1,0,3,2,2,3,1,1,2,2,0,0,0,0,0,0,0,1,1,4,1,1,1,1,4,75,10,9,9
277,1,18,0,1,1,4,4,4,3,1,1,2,1,0,0,0,1,1,1,1,1,0,3,2,4,1,4,2,22,9,9,9
278,0,18,0,1,1,4,4,1,1,3,0,1,2,1,1,1,0,1,1,1,1,1,2,4,4,1,1,3,15,9,8,8
279,1,18,0,0,1,4,3,4,3,0,1,2,1,0,0,0,1,1,1,1,1,0,4,2,3,1,2,0,8,10,11,10
280,1,17,0,0,0,4,1,3,2,1,1,2,1,0,0,0,1,1,1,1,1,1,4,5,4,2,4,4,30,8,8,8
281,1,17,0,0,0,3,2,4,3,1,1,1,1,1,0,0,0,0,1,1,1,0,4,4,4,3,4,2,19,11,9,10
282,0,18,1,0,1,1,1,0,2,3,1,2,4,0,0,1,1,1,1,1,0,0,5,2,2,1,1,2,1,12,12,12
283,0,18,0,1,1,1,1,2,2,1,1,2,2,0,1,0,0,1,1,1,1,0,5,4,4,1,1,3,4,8,9,10
284,0,17,0,1,1,2,2,2,2,0,1,1,2,0,0,1,0,0,0,1,1,0,5,4,5,1,2,4,4,10,9,11
285,1,17,0,1,1,1,1,2,2,3,0,1,2,0,0,0,1,0,0,1,1,0,4,3,3,1,2,3,2,12,10,11
286,0,18,0,1,1,2,2,0,0,2,1,1,3,0,0,1,1,0,1,1,1,0,4,3,3,1,2,1,5,18,18,19
287,0,17,0,1,1,1,1,3,4,3,1,1,3,0,0,1,1,0,1,1,1,0,4,3,3,1,1,2,6,13,12,12
288,1,18,0,1,1,2,1,3,3,3,1,1,3,0,0,0,1,1,1,1,1,0,4,2,4,1,3,1,6,15,14,14
289,1,18,0,0,0,4,4,4,4,3,1,1,2,0,0,1,1,1,1,1,1,0,5,4,3,1,1,1,9,15,13,15
290,1,18,0,1,1,4,2,4,2,1,1,1,2,0,0,1,1,1,1,1,1,1,4,3,2,1,4,4,11,12,11,11
291,0,17,0,1,1,4,3,1,3,3,1,1,3,0,0,1,1,0,1,1,1,0,4,2,2,1,2,2,0,15,15,15
292,0,18,0,0,1,2,1,3,0,3,1,1,2,1,0,0,0,0,1,1,1,1,5,4,3,1,1,4,12,12,12,13
293,0,17,1,0,1,3,1,3,2,3,1,2,4,0,0,1,1,0,1,1,0,0,3,1,2,1,1,2,6,18,18,18
294,1,18,1,0,1,3,2,3,2,3,1,2,3,0,0,1,1,1,1,1,1,0,5,4,2,1,1,3,8,14,13,14
295,1,17,0,1,1,3,3,1,2,1,1,1,1,0,0,1,1,0,1,1,1,0,4,4,3,1,3,4,4,14,12,11
296,0,19,0,1,1,4,4,1,2,3,2,2,2,0,0,1,1,1,1,1,1,0,2,3,4,2,3,1,0,10,9,0
297,0,18,0,0,1,4,3,2,2,1,2,2,2,0,0,1,1,0,1,1,1,1,4,4,5,1,2,1,10,10,8,8
298,0,18,0,1,1,4,3,2,2,3,0,1,4,0,0,1,1,0,1,1,1,0,4,3,3,1,1,2,0,14,13,14
299,1,18,0,0,1,4,4,4,4,1,1,1,1,0,0,1,1,0,1,1,1,1,1,4,2,2,2,0,5,16,15,16
300,0,18,0,0,0,4,4,1,2,1,1,1,2,0,0,1,0,0,1,1,1,1,4,2,4,1,1,3,14,12,10,11
301,1,17,0,0,1,4,4,2,4,1,0,2,1,0,0,0,1,0,1,1,1,0,4,1,1,2,2,4,0,11,11,10
302,0,17,0,1,1,4,2,2,2,3,1,2,3,0,0,1,1,0,1,1,1,0,4,3,3,1,1,2,0,15,12,14
303,0,17,0,1,1,3,2,1,1,3,0,1,4,0,0,1,1,1,0,1,1,0,5,2,2,1,2,4,0,17,17,18
304,1,19,0,1,1,3,3,2,2,1,2,1,2,1,0,1,0,1,1,1,1,1,4,4,4,1,1,2,20,15,14,13
305,0,18,0,1,1,2,4,3,0,3,2,1,2,1,0,1,1,1,1,1,1,0,4,4,3,1,1,2,8,14,12,12
306,1,20,0,1,0,3,2,3,2,0,2,1,1,0,0,0,0,1,1,1,0,0,5,5,3,1,1,4,0,17,18,18
307,1,19,0,1,1,4,4,4,3,3,2,2,1,1,0,1,1,0,1,1,1,1,4,3,4,1,1,3,38,8,9,8
308,1,19,1,1,1,3,3,2,3,3,0,1,2,1,0,0,0,1,1,1,0,1,4,5,3,1,2,4,0,15,12,12
309,0,19,0,0,1,1,1,0,2,3,2,1,2,1,1,1,0,1,0,1,1,0,4,4,3,1,3,2,18,12,10,10
310,0,19,0,0,1,1,2,3,3,1,2,1,2,1,0,0,0,1,0,1,0,1,4,2,4,2,2,2,0,9,9,0
311,0,19,0,1,1,2,1,0,2,2,2,3,2,0,0,1,0,0,1,0,1,1,3,4,1,1,1,1,20,14,12,13
312,1,19,0,1,1,1,2,2,3,0,2,1,2,1,0,0,0,0,0,1,1,0,4,5,2,2,2,3,3,13,11,11
313,0,19,0,0,1,3,2,3,2,3,2,2,2,1,0,1,1,0,0,1,1,1,4,2,2,1,2,0,22,13,10,11
314,0,19,0,1,1,1,1,0,1,1,2,1,3,2,0,0,0,0,0,1,1,1,4,1,2,1,1,2,14,15,13,13
315,0,19,1,1,1,2,3,2,2,3,2,1,3,1,0,0,0,0,1,1,1,1,4,1,2,1,1,2,40,13,11,11
316,0,18,0,1,1,2,1,3,2,0,1,2,2,0,0,1,1,1,1,1,1,0,5,3,3,1,2,0,0,8,8,0
317,0,18,0,1,1,4,3,2,2,0,1,1,3,0,0,1,1,1,1,1,1,1,4,3,4,1,1,4,9,9,10,9
318,0,17,1,1,1,3,4,0,3,0,0,1,3,0,0,1,1,1,0,1,1,0,4,3,4,2,5,4,0,11,11,10
319,0,18,0,1,1,4,4,4,2,0,1,1,2,0,0,1,1,0,1,1,1,0,4,4,4,3,3,4,2,11,11,11
320,0,17,0,1,0,4,3,3,3,0,1,1,2,0,0,1,1,0,1,1,1,1,5,2,2,1,2,4,23,13,13,13
321,0,17,0,1,1,2,2,2,2,0,1,1,2,0,0,1,0,0,1,1,0,1,4,2,2,1,1,2,12,11,9,9
322,0,17,1,0,1,2,2,3,3,0,1,1,3,0,0,1,1,1,1,1,1,0,3,3,2,2,2,2,3,11,11,11
323,0,17,0,1,1,3,1,3,3,0,0,1,3,0,0,1,0,0,0,1,1,0,3,4,3,2,3,4,1,12,14,15
324,0,17,0,0,1,0,2,0,0,1,0,2,3,0,0,0,0,0,1,1,1,0,3,3,3,2,3,1,0,16,15,15
325,1,18,0,1,1,4,4,2,2,0,1,1,3,0,0,0,0,1,1,1,1,0,4,3,3,2,2,2,3,9,12,11
326,1,17,0,1,1,3,3,2,3,3,1,1,1,0,0,0,0,1,0,1,1,0,4,3,5,3,5,4,3,14,15,16
327,1,17,1,1,1,2,2,3,2,0,1,4,1,0,0,1,0,0,1,1,1,0,4,4,5,5,5,3,8,11,10,10
328,0,17,0,1,1,4,4,4,3,0,1,1,3,0,0,1,1,1,1,1,1,0,5,4,4,1,3,3,7,10,9,9
329,0,17,0,1,1,4,4,4,4,0,1,2,3,0,0,1,1,0,0,1,1,1,4,3,3,1,2,3,4,14,14,14
330,1,18,0,0,1,2,2,2,2,0,1,1,4,0,0,1,0,1,1,1,1,0,4,5,5,2,4,4,2,9,8,8
331,0,17,1,1,1,2,4,0,2,0,0,1,3,0,0,1,0,0,1,1,1,1,4,4,3,1,1,4,7,12,14,14
332,0,18,0,1,1,3,3,3,3,1,1,1,2,0,0,0,0,1,1,1,1,0,5,3,4,1,1,3,0,7,0,0
333,0,18,0,0,1,2,2,2,2,1,2,1,2,0,0,0,0,1,0,1,1,1,4,3,3,1,1,1,0,8,8,0
334,0,18,1,1,1,2,2,0,2,0,1,2,4,0,0,0,0,1,1,1,0,0,4,4,4,1,1,3,0,10,9,0
335,0,17,0,1,1,3,4,3,2,0,1,1,3,0,0,0,0,0,1,1,1,0,4,4,5,1,3,4,16,16,15,15
336,0,19,1,1,0,3,1,3,0,1,2,1,3,1,0,0,1,0,1,1,0,0,5,4,3,1,2,4,12,14,13,13
337,0,17,0,1,1,3,2,2,2,1,1,1,2,0,0,1,1,0,1,1,1,1,4,3,2,2,3,1,0,7,8,0
338,0,18,0,0,1,3,3,3,3,1,1,1,4,0,0,1,0,0,1,1,1,0,5,3,3,1,1,0,7,16,15,17
339,0,17,1,1,0,3,2,2,2,1,1,1,2,0,0,1,1,0,1,1,1,0,4,3,3,2,3,1,4,9,10,10
340,0,19,0,1,1,2,1,3,3,1,2,1,3,1,0,0,1,1,1,1,1,1,4,3,4,1,3,2,4,11,12,11
341,1,18,0,1,1,4,4,4,3,1,0,1,2,1,0,1,0,1,1,1,1,0,4,3,3,2,2,1,0,10,10,0
342,1,18,0,0,1,3,4,3,2,1,1,1,2,0,0,0,0,1,1,1,1,1,4,3,3,1,3,4,11,16,15,15
343,0,17,0,1,0,2,2,0,0,1,0,1,2,1,0,1,0,0,1,1,1,1,3,3,1,1,2,3,0,9,8,0
344,0,18,0,1,1,2,3,0,2,0,1,1,3,0,0,1,0,0,1,1,1,0,4,3,3,1,2,2,4,11,10,10
345,0,18,0,1,1,3,2,2,3,2,1,1,3,0,0,0,0,0,1,1,1,1,5,4,3,2,3,0,7,13,13,14
346,1,18,1,1,1,4,3,4,3,0,1,1,3,0,0,0,0,0,1,1,1,1,5,3,2,1,2,3,9,16,15,16
347,1,18,0,1,1,4,3,4,2,0,1,1,3,0,0,1,1,0,1,1,1,1,5,4,5,2,3,4,0,10,10,9
348,0,17,0,1,1,4,3,1,2,3,1,1,3,0,0,1,1,1,1,1,1,1,4,4,3,1,3,3,0,13,15,15
349,1,18,1,1,1,3,2,2,2,0,1,2,1,1,0,1,0,0,0,1,1,0,2,5,5,5,5,4,10,11,13,13
350,1,19,1,1,1,1,1,2,3,1,2,3,2,3,0,0,0,0,1,1,1,0,5,4,4,3,3,1,8,8,7,8
351,1,17,0,1,1,3,3,1,2,0,1,2,2,0,0,1,1,0,1,1,1,0,4,5,4,2,3,2,2,13,13,13
352,1,18,0,0,1,1,3,0,3,0,1,1,1,1,0,0,0,0,1,0,1,1,4,3,3,2,3,2,7,8,7,8
353,1,19,1,1,1,1,1,2,2,1,2,3,1,1,0,1,0,0,1,1,1,0,4,4,4,3,3,4,4,8,8,8
354,1,17,1,1,1,4,3,3,2,1,1,2,2,0,0,1,1,1,0,1,1,1,4,5,5,1,3,1,4,13,11,11
355,0,18,0,1,1,3,3,3,3,0,0,1,2,0,0,1,0,0,1,1,0,1,5,3,4,1,1,4,0,10,9,9
356,0,17,1,1,1,4,4,4,3,2,0,2,2,0,0,1,1,1,1,1,1,0,4,3,3,1,2,4,4,12,13,13
357,0,17,0,0,0,3,2,3,2,3,1,2,2,0,0,0,0,0,1,1,0,1,1,2,3,1,2,4,2,12,12,11
358,1,18,0,0,1,1,1,2,3,1,0,2,1,0,0,0,0,0,0,1,1,1,3,3,2,1,2,2,4,10,10,10
359,0,18,0,0,1,1,1,0,3,0,0,2,3,0,0,0,0,0,1,1,1,0,5,3,2,1,1,3,0,18,16,16
360,0,18,1,0,0,1,4,0,2,0,1,3,2,0,0,0,0,0,1,1,0,1,4,3,4,1,4,4,0,13,13,13
361,1,18,1,0,1,1,1,0,2,2,1,2,2,1,0,0,0,1,0,0,0,0,4,4,3,2,3,4,2,13,12,12
362,0,18,0,1,1,3,3,3,3,2,1,2,2,0,0,1,0,0,1,1,1,1,4,3,2,1,3,2,0,11,11,10
363,0,17,0,0,1,4,4,0,0,0,1,1,2,0,0,1,1,1,1,1,1,1,2,3,4,1,1,0,0,16,15,15
364,0,17,1,1,1,1,2,2,3,0,0,2,2,0,0,0,0,0,0,1,0,0,3,2,2,1,2,2,0,12,11,12
365,1,18,1,1,1,1,3,0,2,0,1,2,2,0,0,1,1,0,1,1,0,0,3,3,4,2,4,2,4,10,10,10
366,1,18,0,0,1,4,4,4,3,2,1,2,3,0,0,0,1,0,1,1,1,1,4,2,2,2,2,4,0,13,13,13
367,0,17,1,1,1,1,1,2,3,3,1,3,1,1,0,1,1,0,1,1,1,1,5,2,1,1,2,0,0,7,6,0
368,0,18,0,1,1,2,3,0,3,0,0,2,1,0,0,1,1,0,1,1,1,1,5,2,3,1,2,3,0,11,10,10
369,0,18,1,1,1,4,4,2,4,2,0,3,2,0,0,1,1,0,0,1,1,1,3,2,2,4,2,4,10,14,12,11
370,0,19,0,0,1,3,2,3,3,1,2,2,2,2,0,0,0,1,1,1,0,1,3,2,2,1,1,2,4,7,7,9
371,1,18,1,0,1,1,2,0,3,2,0,3,1,0,0,1,1,1,1,0,1,1,4,3,3,2,3,2,3,14,12,12
372,0,17,0,1,1,2,2,2,0,1,1,1,3,0,0,0,0,1,1,1,0,1,3,4,3,1,1,2,8,13,11,11
373,0,17,1,1,1,1,2,2,2,0,1,1,1,0,0,0,0,1,1,1,1,0,3,5,5,1,3,0,14,6,5,5
374,0,18,1,0,1,4,4,2,2,3,1,2,3,0,0,0,0,0,1,1,1,0,5,4,4,1,1,0,0,19,18,19
375,0,18,1,1,1,1,1,2,2,1,1,4,3,0,0,0,0,0,1,1,1,0,4,3,2,1,2,3,2,8,8,10
376,0,20,0,1,1,4,2,1,2,0,2,2,3,2,0,1,1,0,0,1,1,1,5,4,3,1,1,2,4,15,14,15
377,0,18,1,0,1,4,4,4,3,0,1,1,2,0,0,0,1,1,1,1,1,0,5,4,3,3,4,1,4,8,9,10
378,0,18,0,1,1,3,3,2,2,1,1,1,2,0,0,0,1,0,1,1,1,1,4,1,3,1,2,0,0,15,15,15
379,0,17,1,1,1,3,1,0,2,3,1,1,2,0,0,1,1,1,0,1,1,0,4,5,4,2,3,0,17,10,10,10
380,1,18,0,1,1,4,4,4,4,1,0,1,2,0,0,0,1,1,0,1,1,0,3,2,4,1,4,1,4,15,14,14
381,1,18,1,1,1,2,1,2,2,2,1,2,1,0,0,0,0,1,0,1,1,1,4,4,3,1,3,4,5,7,6,7
382,1,17,0,1,1,2,3,2,3,1,0,2,2,0,0,0,0,1,1,1,1,0,4,4,3,1,1,2,2,11,11,10
383,1,19,1,1,1,1,1,2,3,2,1,2,1,1,0,0,0,0,1,1,0,0,4,3,2,1,3,4,0,6,5,0
384,1,18,1,1,1,4,2,2,2,1,0,2,1,1,0,0,1,0,1,1,0,0,5,4,3,4,3,2,14,6,5,5
385,0,18,1,1,1,2,2,0,2,2,1,2,3,0,0,0,1,0,1,1,0,0,5,3,3,1,3,3,2,10,9,10
386,0,18,1,1,1,4,4,4,0,3,1,3,1,0,0,1,1,1,1,1,1,1,4,4,3,2,2,4,7,6,5,6
387,0,19,1,1,1,2,3,3,2,0,1,1,3,1,0,0,0,1,0,1,1,0,5,4,2,1,2,4,0,7,5,0
388,0,18,0,0,1,3,1,4,3,0,1,1,2,0,0,1,1,0,1,1,1,0,4,3,4,1,1,0,0,7,9,8
389,0,18,0,1,1,1,1,2,2,0,1,2,2,1,0,0,0,1,1,1,0,0,1,1,1,1,1,4,0,6,5,0
390,1,20,0,0,0,2,2,3,3,0,2,1,2,2,0,1,1,0,1,1,0,0,5,5,4,4,5,3,11,9,9,9
391,1,17,0,0,1,3,1,3,3,0,1,2,1,0,0,0,0,0,0,1,1,0,2,4,5,3,4,1,3,14,16,16
392,1,21,1,1,1,1,1,2,2,0,2,1,1,3,0,0,0,0,0,1,0,0,5,5,3,3,3,2,3,10,8,7
393,1,18,1,0,1,3,2,3,2,0,1,3,1,0,0,0,0,0,0,1,1,0,4,4,1,3,4,4,0,11,12,10
394,1,19,0,0,1,1,1,2,0,0,0,1,1,0,0,0,0,0,1,1,1,0,3,2,3,3,3,4,5,8,9,9
0,0,18,0,1,0,4,4,0,4,0,1,2,2,0,1,0,0,0,1,1,0,0,4,3,4,1,1,2,4,0,11,11
1,0,17,0,1,1,1,1,0,2,0,0,1,2,0,0,1,0,0,0,1,1,0,5,3,3,1,1,2,2,9,11,11
2,0,15,0,0,1,1,1,0,2,2,1,1,2,0,1,0,0,0,1,1,1,0,4,3,2,2,3,2,6,12,13,12
3,0,15,0,1,1,4,2,1,3,1,1,1,3,0,0,1,0,1,1,1,1,1,3,2,2,1,1,4,0,14,14,14
4,0,16,0,1,1,3,3,2,2,1,0,1,2,0,0,1,0,0,1,1,0,0,4,3,2,1,2,4,0,11,13,13
5,1,16,0,0,1,4,3,3,2,3,1,1,2,0,0,1,0,1,1,1,1,0,5,4,2,1,2,4,6,12,12,13
6,1,16,0,0,1,2,2,2,2,1,1,1,2,0,0,0,0,0,1,1,1,0,4,4,4,1,1,2,0,13,12,13
7,0,17,0,1,0,4,4,2,4,1,1,2,2,0,1,1,0,0,1,1,0,0,4,1,4,1,1,0,2,10,13,13
8,1,15,0,0,0,3,2,3,2,1,1,1,2,0,0,1,0,0,1,1,1,0,4,2,2,1,1,0,0,15,16,17
9,1,15,0,1,1,3,4,2,2,1,1,1,2,0,0,1,0,1,1,1,1,0,5,5,1,1,1,4,0,12,12,13
10,0,15,0,1,1,4,4,4,1,3,1,1,2,0,0,1,0,0,1,1,1,0,3,3,3,1,2,1,2,14,14,14
11,0,15,0,1,1,2,1,3,2,3,0,3,3,0,0,1,0,1,1,1,1,0,5,2,2,1,1,3,0,10,12,13
12,1,15,0,0,1,4,4,1,3,0,0,1,1,0,0,1,0,1,1,1,1,0,4,3,3,1,3,4,0,12,13,12
13,1,15,0,1,1,4,3,4,2,0,1,2,2,0,0,1,0,0,1,1,1,0,5,4,3,1,2,2,0,12,12,13
14,1,15,0,1,0,2,2,2,2,1,2,1,3,0,0,1,0,0,1,1,1,1,4,5,2,1,1,2,0,14,14,15
15,0,16,0,1,1,4,4,1,2,1,1,1,1,0,0,1,0,0,1,1,1,0,4,4,4,1,2,1,6,17,17,17
16,0,16,0,1,1,4,4,3,3,3,1,1,3,0,0,1,0,1,1,1,1,0,3,2,3,1,2,1,10,13,13,14
17,0,16,0,1,1,3,3,2,2,3,1,3,2,0,1,1,0,1,1,1,0,0,5,3,2,1,1,3,2,13,14,14
18,1,17,0,1,1,3,2,3,3,0,1,1,1,3,0,1,1,1,1,1,1,0,5,5,5,2,4,4,2,8,8,7
19,1,16,0,0,1,4,3,1,2,1,0,1,1,0,0,0,0,1,1,1,1,0,3,1,3,1,3,4,6,12,12,12
20,1,15,0,1,1,4,3,4,2,3,1,1,2,0,0,0,0,0,1,1,1,0,4,4,1,1,1,0,0,12,13,14
21,1,15,0,1,1,4,4,1,1,2,0,1,1,0,0,1,1,0,1,1,1,0,5,4,2,1,1,4,0,11,12,12
22,1,16,0,0,1,4,2,4,2,0,1,1,2,0,0,0,0,1,1,1,1,0,4,5,1,1,3,4,0,12,13,14
23,1,16,0,0,1,2,2,2,2,3,1,2,2,0,0,1,0,1,1,1,1,0,5,4,4,2,4,4,2,10,10,10
24,0,15,1,1,1,2,4,3,1,0,1,1,3,0,1,1,0,1,1,1,1,0,4,3,2,1,1,4,2,10,11,10
25,0,16,0,1,1,2,2,3,3,1,1,1,1,0,0,1,0,0,0,1,1,0,1,2,2,1,3,4,6,10,11,12
26,1,15,0,1,1,2,2,2,2,1,1,1,1,0,0,1,0,0,1,1,1,0,4,2,2,1,2,4,8,11,12,12
27,1,15,0,1,1,4,2,1,3,2,1,1,1,0,0,0,0,0,1,1,1,0,2,2,4,2,4,0,0,11,11,11
28,1,16,0,0,0,3,4,3,2,1,1,1,2,0,1,1,1,1,1,1,1,0,5,3,3,1,1,4,2,12,12,13
29,1,16,0,1,1,4,4,4,4,1,1,1,2,0,0,1,1,1,1,1,1,1,4,4,5,5,5,4,4,12,11,12
30,1,15,0,1,1,4,4,1,3,1,1,1,2,0,0,1,1,0,0,1,1,0,5,4,2,3,4,4,0,10,11,11
31,1,15,0,1,1,4,4,3,3,3,1,2,2,0,0,1,0,1,1,1,1,0,4,3,1,1,1,4,2,15,15,15
32,1,15,1,1,1,4,3,4,0,0,1,1,2,0,0,1,0,1,1,1,1,1,4,5,2,1,1,4,0,13,14,15
33,1,15,0,0,1,3,3,2,2,0,1,1,2,0,0,0,0,1,0,1,1,0,5,3,2,1,1,1,0,13,12,12
34,1,16,0,1,1,3,2,2,2,1,1,1,1,0,0,1,0,0,0,1,1,0,5,4,3,1,1,4,4,12,12,12
35,0,15,0,1,1,2,3,2,2,2,0,2,1,0,0,1,0,1,1,1,0,0,3,5,1,1,1,4,4,11,11,11
36,1,15,0,0,1,4,3,4,3,1,1,1,3,0,0,1,0,1,1,1,1,0,5,4,3,1,1,3,0,14,14,14
37,1,16,1,1,0,4,4,2,4,3,1,2,3,0,0,1,0,1,1,1,1,1,2,4,3,1,1,4,4,13,13,13
38,0,15,1,1,1,3,4,3,1,0,1,1,3,0,1,1,0,1,1,1,1,0,4,3,2,1,1,4,2,11,12,12
39,0,15,1,1,1,2,2,0,2,3,1,1,1,0,1,1,0,1,1,1,0,0,4,3,1,1,1,1,8,14,13,12
40,0,16,0,0,1,2,2,2,2,1,1,2,2,0,0,1,0,1,0,1,1,1,3,3,3,1,2,2,16,11,11,10
41,1,15,0,0,1,4,4,4,2,1,2,1,1,0,0,1,0,0,0,1,1,1,5,4,3,2,4,4,8,10,11,11
42,1,15,0,1,1,4,4,3,4,0,0,1,2,0,0,1,0,1,1,1,1,0,4,3,3,1,1,4,0,14,15,15
43,1,15,0,1,1,2,2,3,3,0,0,1,1,0,1,1,0,0,1,1,1,0,5,4,1,1,1,0,0,9,10,10
44,0,16,0,0,1,2,2,2,0,0,0,2,2,1,1,0,0,1,1,1,1,0,4,3,3,2,2,4,14,10,11,11
45,0,15,0,0,0,4,3,2,2,0,1,1,2,0,1,1,1,1,1,1,1,1,5,2,2,1,1,4,4,10,11,11
46,0,16,0,0,0,3,3,2,3,1,1,1,2,0,0,1,0,0,1,1,1,0,2,3,5,1,4,2,6,13,12,13
47,1,16,0,1,1,4,3,1,3,3,1,1,4,0,0,0,0,1,1,1,1,0,4,2,2,1,1,1,2,17,17,17
48,1,15,0,1,1,4,2,4,2,1,1,1,2,0,0,1,0,0,1,1,0,0,4,3,3,2,2,4,4,11,12,13
49,0,15,0,1,1,4,4,3,4,2,0,1,2,0,1,1,0,1,0,1,1,0,4,4,4,1,1,2,2,13,12,12
50,0,16,0,0,1,2,2,3,3,0,1,3,2,0,0,1,0,0,1,1,1,0,4,3,3,2,3,3,0,14,13,13
51,0,15,0,0,1,4,2,1,2,2,1,1,2,0,0,1,0,0,1,1,1,0,4,3,3,1,1,4,0,16,14,16
52,1,15,0,0,0,4,2,1,1,2,0,2,1,0,0,0,0,0,1,1,0,0,5,5,5,3,4,4,4,10,9,9
53,0,15,0,1,1,4,4,3,3,0,1,1,1,0,1,1,0,0,1,1,1,0,3,3,4,2,3,4,0,13,12,12
54,0,15,0,0,0,3,3,2,2,2,1,1,1,0,0,0,0,0,1,1,1,0,5,3,4,4,4,0,0,13,12,13
55,0,16,0,1,0,2,1,2,2,2,1,1,2,0,0,0,0,1,1,1,1,1,5,3,4,1,1,1,2,12,13,12
56,0,15,0,1,0,4,3,3,3,3,1,1,2,0,0,1,0,1,1,1,1,0,4,3,2,1,1,0,0,15,14,15
57,1,15,0,1,1,4,4,4,1,3,1,1,2,0,0,1,0,1,1,1,0,0,3,2,2,1,1,4,8,15,15,16
58,1,15,0,0,1,1,2,2,0,1,0,1,2,0,1,1,0,1,1,1,1,0,4,3,2,1,1,4,0,14,13,14
59,0,16,0,1,1,4,2,3,2,0,1,1,2,0,0,1,1,0,1,1,1,0,4,2,3,1,1,4,2,16,15,16
60,0,16,1,1,1,4,4,1,4,2,1,1,2,0,0,1,0,1,1,1,0,0,2,4,4,2,3,3,0,17,16,16
61,0,16,0,1,1,1,1,3,3,0,0,4,1,0,1,1,0,1,0,1,1,1,5,5,5,5,5,4,0,10,10,16
62,0,16,0,0,1,1,2,2,3,3,0,1,2,0,1,0,0,1,1,1,1,0,4,4,3,1,1,0,0,13,13,10
63,0,16,0,1,1,4,3,4,1,1,1,1,3,0,1,1,0,1,1,1,1,0,3,4,4,2,4,3,0,14,13,13
64,0,15,0,0,1,4,3,3,3,3,0,1,2,0,1,0,0,1,1,1,1,1,4,4,4,2,4,1,0,13,12,12
65,0,16,0,0,1,4,3,4,3,0,1,3,2,0,0,1,0,1,1,1,1,0,5,4,3,1,2,0,2,16,15,16
66,1,15,0,1,0,4,4,2,3,3,1,1,4,0,0,1,0,1,0,1,1,1,1,3,3,5,5,2,0,11,12,12
67,0,16,0,1,1,3,1,3,2,0,1,1,4,0,1,1,0,0,1,1,1,0,4,3,3,1,2,4,0,10,9,10
68,0,15,1,0,1,2,2,1,3,3,1,2,2,0,1,1,0,0,1,1,1,0,4,1,3,1,3,3,0,11,10,11
69,0,15,1,0,1,3,1,2,2,3,0,2,4,0,0,1,0,0,0,1,1,0,4,4,2,2,3,2,6,15,15,15
70,1,16,0,1,1,3,1,2,2,3,0,2,4,0,0,1,0,0,1,1,1,0,4,3,2,1,1,4,2,13,11,11
71,1,15,0,1,1,4,2,2,2,0,1,1,4,0,0,0,0,0,1,1,1,0,3,3,3,1,1,2,0,11,9,10
72,0,15,1,1,1,1,1,2,2,3,1,1,2,0,1,1,0,0,0,1,1,1,3,3,4,2,4,4,2,13,11,11
73,1,16,0,1,1,3,1,2,2,3,1,1,1,0,0,0,0,1,1,1,0,0,5,3,2,2,2,4,0,13,13,14
74,0,16,0,1,1,3,3,2,3,1,1,1,2,0,1,1,0,1,1,1,1,0,4,3,3,2,4,4,4,11,11,11
75,1,15,0,1,1,4,3,4,2,1,1,1,2,0,0,1,0,1,1,1,1,0,4,3,3,2,3,4,0,11,11,11
76,1,15,0,1,1,4,0,4,2,0,1,2,4,0,0,0,0,1,1,1,1,0,3,4,3,1,1,0,0,12,11,11
77,0,16,0,1,1,2,2,2,2,3,1,1,4,0,0,0,0,0,1,1,1,1,5,2,3,1,3,2,1,13,13,13
78,1,17,0,1,1,2,1,2,2,1,1,2,1,3,1,1,0,1,1,0,1,0,4,5,1,1,1,2,0,9,9,10
79,0,16,0,1,1,3,4,0,2,0,1,1,2,0,0,1,0,0,1,1,1,0,2,4,3,1,2,2,14,12,11,11
80,1,15,0,1,1,2,3,2,3,0,0,1,1,0,1,1,0,1,0,1,1,1,3,2,2,1,3,2,0,11,11,12
81,1,15,0,1,1,2,3,2,2,1,1,1,3,0,1,0,0,0,0,1,1,0,5,3,2,1,2,4,2,10,9,9
82,0,15,0,0,1,3,2,3,2,3,1,1,2,0,0,1,0,0,1,1,1,0,4,4,4,1,1,4,4,12,11,11
83,1,15,0,0,1,2,2,3,3,1,1,2,2,0,0,0,1,1,1,1,1,0,5,3,3,1,3,3,2,13,12,13
84,0,15,0,1,1,1,1,2,2,1,0,1,2,0,0,1,0,1,0,1,1,0,4,3,2,2,3,3,2,13,12,12
85,0,15,0,1,1,4,4,3,3,3,0,2,2,0,0,0,0,0,1,1,1,1,4,4,4,2,3,4,4,12,11,12
86,0,16,0,0,1,2,2,0,2,0,1,1,2,0,0,1,0,0,1,1,0,0,4,3,4,1,2,1,6,13,11,11
87,0,15,0,1,1,4,2,2,2,3,1,1,3,0,0,1,0,1,1,1,1,0,5,3,3,1,3,0,4,15,15,15
88,1,16,0,1,1,2,2,3,2,3,0,2,2,0,0,0,0,1,0,1,1,0,4,4,2,1,1,2,6,12,10,11
89,1,16,0,0,0,4,4,4,1,3,1,1,2,0,0,1,0,0,1,1,0,0,4,1,3,3,5,4,6,9,9,10
90,0,16,0,1,1,3,3,2,2,1,1,1,3,0,0,1,0,0,1,1,1,1,4,3,3,1,3,3,2,9,11,11
91,0,15,0,1,1,4,3,3,2,3,1,1,1,0,0,0,0,1,1,1,1,0,4,5,5,1,3,0,6,14,13,13
92,0,16,0,0,1,3,1,2,2,1,0,1,2,0,1,1,0,0,1,1,0,0,3,3,3,2,3,1,0,12,13,12
93,0,16,0,1,1,4,2,4,3,1,1,2,2,0,0,1,0,1,1,1,1,0,5,3,3,1,1,0,2,13,14,14
94,1,15,0,0,1,2,2,3,1,3,1,1,4,0,0,1,0,1,1,1,1,0,4,3,4,1,1,3,2,11,12,12
95,0,15,1,1,1,1,1,0,2,1,1,2,4,0,1,1,1,1,1,1,1,0,3,1,2,1,1,0,4,13,13,13
96,1,16,1,1,1,4,3,3,2,3,1,2,1,0,1,1,1,1,0,1,1,0,3,3,3,1,1,3,6,9,11,11
97,0,16,0,1,1,2,1,2,2,0,1,1,2,0,0,1,0,0,1,1,0,1,4,3,5,1,1,4,0,13,12,12
98,0,16,0,1,1,4,4,2,2,3,1,1,1,0,0,0,0,1,0,1,1,0,5,3,4,1,2,0,4,12,13,13
99,0,16,0,1,1,4,3,2,0,0,1,1,3,0,1,1,0,0,1,1,1,0,5,3,5,1,1,2,2,12,13,13
100,1,16,0,1,1,4,4,3,3,2,1,1,1,0,1,1,0,1,1,1,1,0,4,5,5,5,5,3,12,9,9,8
101,1,16,0,1,1,4,4,3,4,2,0,1,3,0,0,1,0,1,1,1,1,1,4,4,3,1,1,3,0,16,16,16
102,1,15,0,1,1,4,4,3,2,0,1,1,1,0,0,1,1,1,0,1,1,0,5,3,3,1,1,4,2,12,13,12
103,0,15,0,1,1,3,2,3,2,1,1,2,2,0,1,1,0,0,1,1,1,0,4,3,5,1,1,1,16,11,10,10
104,1,15,0,1,0,3,4,3,2,0,1,1,2,0,0,1,0,1,1,1,1,0,5,4,4,1,1,0,0,16,16,16
105,0,15,0,1,0,3,3,2,1,3,0,1,4,0,1,0,0,0,1,1,0,0,4,3,3,1,1,3,10,10,10,10
106,0,15,0,1,1,2,2,2,2,0,1,1,4,0,1,1,0,0,1,1,1,0,5,1,2,1,1,2,4,10,10,10
107,1,16,0,1,1,3,3,3,2,1,0,1,3,0,0,1,0,1,1,1,1,0,5,3,3,1,1,4,4,13,14,14
108,1,15,1,1,1,4,4,2,2,1,0,4,4,0,0,1,0,1,1,1,1,1,1,3,5,3,5,0,8,12,10,11
109,0,16,0,0,1,4,4,1,1,2,1,1,3,0,0,1,0,1,1,1,1,1,5,4,5,1,1,3,2,15,15,14
110,1,15,0,0,0,4,4,4,4,0,1,1,1,0,0,0,0,1,1,1,1,0,5,5,3,1,1,3,4,13,14,14
111,0,16,1,1,1,3,3,3,2,3,0,1,3,0,1,1,0,1,1,1,1,0,4,1,2,1,1,1,4,11,11,11
112,0,16,0,1,1,2,2,0,2,1,1,1,2,1,1,0,0,1,1,1,1,0,3,1,2,1,1,4,12,8,10,10
113,1,15,0,0,1,4,2,4,2,0,1,1,1,0,0,0,0,0,1,1,1,0,3,5,2,1,1,2,10,18,17,18
114,1,15,1,1,1,2,1,1,3,3,1,1,2,0,0,0,0,1,1,1,1,1,5,4,2,1,1,4,4,10,9,10
115,1,16,0,1,1,4,4,4,4,0,0,1,2,0,0,1,0,1,1,1,1,0,5,4,4,1,2,4,6,16,14,14
116,1,15,0,1,1,4,4,2,4,3,0,2,2,0,0,1,0,1,1,1,0,0,4,4,3,1,1,1,4,16,15,16
117,1,16,0,1,1,3,3,2,3,1,0,2,1,0,0,0,0,1,1,1,1,0,5,4,2,1,1,4,6,14,14,15
118,1,17,1,1,1,1,3,2,2,0,0,3,2,1,0,1,0,1,1,1,1,0,5,2,4,1,4,4,14,12,11,11
119,1,15,0,1,1,3,4,2,2,3,0,1,1,0,0,0,0,0,1,1,1,0,3,4,3,1,2,3,2,14,13,14
120,0,15,0,1,1,1,2,0,3,0,1,1,2,0,0,0,0,0,0,1,1,0,3,2,3,1,2,0,0,14,14,14
121,1,15,0,1,1,2,2,3,3,1,0,1,4,0,0,1,0,1,1,1,1,0,5,5,4,1,2,4,6,14,13,13
122,0,16,0,0,1,2,4,2,1,0,0,2,2,0,0,1,0,1,1,1,1,1,4,2,2,1,2,4,2,14,12,13
123,1,16,0,1,1,4,4,1,2,0,1,1,1,0,0,1,0,1,1,1,1,0,3,4,4,1,4,4,4,12,13,13
124,0,16,0,1,1,2,2,2,2,1,1,1,2,0,0,0,0,0,1,1,1,1,5,4,4,1,1,4,0,12,11,11
125,1,15,0,1,1,3,4,3,3,1,0,1,1,0,1,0,0,0,1,1,1,0,5,5,5,3,2,4,2,9,9,9
126,0,15,0,0,0,3,4,2,2,1,1,1,2,0,1,0,0,1,1,1,1,1,5,3,2,1,1,0,0,10,11,11
127,0,19,0,1,1,0,1,0,2,0,2,1,2,2,0,1,0,0,0,0,0,0,3,4,2,1,1,4,0,9,10,11
128,1,16,1,1,1,4,4,4,4,0,1,1,1,0,0,0,0,1,1,1,1,0,3,5,5,2,5,3,8,14,14,15
129,1,16,0,1,1,2,3,2,2,0,1,2,3,0,0,1,0,0,0,1,1,1,3,2,3,2,2,0,4,13,12,13
130,0,15,1,1,1,3,4,3,4,0,0,2,3,0,0,1,0,0,1,1,1,1,4,2,2,2,2,4,0,10,11,12
131,0,18,0,1,1,2,1,3,2,3,1,1,2,3,0,1,0,1,1,0,1,1,5,4,5,1,3,4,10,10,9,8
132,0,17,0,0,0,2,1,2,2,0,1,3,1,0,0,1,0,0,1,1,1,0,3,2,2,1,2,4,8,11,10,11
133,0,15,0,1,1,1,1,0,2,0,1,3,1,0,0,1,0,1,0,1,1,1,4,3,3,1,2,3,6,11,12,13
134,0,17,0,0,1,2,2,2,2,0,0,1,1,0,0,1,0,0,1,1,1,1,3,4,4,1,3,4,2,13,12,12
135,0,16,0,1,0,3,4,3,2,0,0,1,1,0,0,0,0,0,1,1,1,0,3,2,1,1,4,4,12,15,13,14
136,1,16,0,1,1,2,1,0,2,0,1,4,1,0,0,0,0,0,1,1,0,0,3,2,1,1,1,1,4,9,9,11
137,0,16,0,1,0,2,2,2,2,1,1,1,1,1,0,0,0,0,1,1,0,0,5,3,4,1,1,4,12,13,11,11
138,1,15,1,1,1,3,4,0,4,0,1,4,2,0,0,1,0,0,1,1,0,1,5,3,3,1,1,4,2,12,11,11
139,0,15,0,1,1,4,4,3,0,0,1,1,3,0,0,1,0,1,1,1,1,1,4,3,3,1,1,4,4,13,14,15
140,1,17,1,1,1,3,4,0,2,0,1,3,2,0,0,0,0,0,1,1,0,0,5,4,5,2,4,4,2,10,9,10
141,0,16,1,1,1,1,1,0,2,0,1,4,2,0,0,1,0,0,1,1,0,0,5,1,3,1,1,2,0,14,13,13
142,1,18,0,0,1,3,1,3,3,0,1,2,1,0,0,0,0,1,1,1,1,1,3,3,4,4,5,3,2,11,11,12
143,0,18,0,1,0,3,2,2,3,0,2,1,3,0,0,1,0,1,0,1,1,1,4,3,3,5,1,4,10,12,11,11
144,0,16,1,1,1,1,1,2,3,3,1,2,1,0,0,1,0,1,1,1,0,1,3,3,3,1,2,0,8,12,11,11
145,0,16,0,1,0,3,3,2,2,0,2,2,1,0,0,1,0,1,0,1,1,1,4,3,2,1,1,4,4,9,9,10
146,1,16,0,0,1,1,1,3,2,0,1,1,2,2,0,0,0,0,1,1,0,1,4,4,4,1,3,4,0,10,10,10
147,0,15,0,1,1,4,4,4,4,0,1,2,1,0,0,0,0,1,1,1,1,0,4,3,2,1,1,4,6,13,14,14
148,0,15,1,1,1,1,1,2,2,0,1,3,1,1,0,0,0,1,1,1,1,1,5,5,5,1,1,0,2,8,9,9
149,1,15,0,1,1,4,3,4,3,0,0,2,4,0,1,1,0,0,1,1,1,0,2,2,2,1,1,2,6,9,11,11
150,0,15,0,1,0,3,3,3,3,1,1,1,2,0,0,0,0,0,0,1,0,1,1,3,2,2,3,0,24,9,8,9
151,1,16,0,1,1,4,4,3,3,0,1,1,3,0,0,1,0,1,1,1,1,0,5,3,3,1,3,4,0,15,13,13
152,1,16,0,0,1,2,2,3,3,3,0,2,1,0,0,1,0,1,1,1,1,0,2,3,3,2,2,1,4,12,11,11
153,0,15,0,1,1,4,4,4,3,0,1,1,3,0,0,1,0,1,1,1,1,0,4,2,2,1,1,4,2,13,13,13
154,0,16,0,0,1,1,1,0,0,0,1,1,1,0,0,0,0,0,1,1,1,0,3,4,4,3,3,0,4,10,11,11
155,1,17,0,1,1,2,1,2,2,1,1,1,1,0,0,1,0,0,1,1,1,0,5,4,5,1,2,4,22,9,7,6
156,0,15,0,1,1,1,1,2,3,0,0,1,2,0,0,1,0,0,1,1,1,0,4,4,2,1,2,4,0,12,12,12
157,0,15,0,0,0,2,1,0,2,1,1,2,1,0,0,1,0,1,1,0,1,1,4,4,2,1,1,4,0,11,10,10
158,0,15,0,1,1,3,2,1,3,1,0,1,2,1,0,1,0,0,1,1,1,0,3,3,2,1,1,2,2,11,11,11
159,0,15,0,1,1,1,2,0,2,0,1,1,2,0,0,1,0,0,0,1,1,0,4,3,2,1,1,4,6,13,12,13
160,0,15,0,1,1,1,2,0,3,0,0,1,2,0,0,0,0,0,0,1,0,1,2,3,4,2,4,0,6,11,11,11
161,1,16,0,1,1,4,4,4,4,0,1,1,1,0,0,1,0,0,1,0,1,1,3,3,2,2,1,4,16,9,9,8
162,1,15,0,0,0,2,1,3,2,0,1,4,1,0,0,0,0,0,1,1,1,0,4,5,5,2,5,4,0,12,11,11
163,1,18,0,0,1,1,1,2,2,0,1,1,1,2,0,0,0,0,1,0,1,1,2,3,5,2,5,3,0,11,9,0
164,1,16,0,0,1,2,1,0,2,0,1,1,1,1,0,0,0,1,1,1,0,1,4,4,4,3,5,4,6,9,10,10
165,0,15,1,1,1,3,3,3,3,3,2,2,3,0,0,1,1,1,1,1,1,1,4,2,1,2,3,2,2,13,13,13
166,1,19,0,1,1,3,2,3,0,1,1,1,1,0,0,1,0,0,1,0,1,1,4,5,4,1,1,3,6,11,9,11
167,0,17,0,1,1,4,4,2,4,0,1,1,1,0,1,1,0,0,1,1,0,1,4,2,1,1,1,3,0,13,13,13
168,1,15,1,1,1,2,3,0,3,0,1,1,2,0,1,0,1,1,1,1,0,0,4,4,4,1,1,0,0,7,8,8
169,1,17,1,0,1,1,2,2,2,3,1,1,1,3,0,0,0,0,1,1,0,0,2,2,2,3,3,4,14,9,8,10
170,0,18,1,1,1,1,1,0,2,0,1,3,1,3,0,1,0,1,0,1,0,0,5,2,5,1,5,3,6,11,10,11
171,1,16,1,1,1,2,2,0,2,0,1,3,1,0,0,0,0,0,0,1,0,0,4,2,2,1,2,2,4,12,10,11
172,1,16,0,1,1,3,3,2,3,0,0,1,2,1,0,1,0,0,1,1,1,1,4,5,5,4,4,4,0,10,10,1
173,1,16,0,0,1,1,2,1,3,0,1,2,1,2,0,0,0,0,0,1,1,0,4,4,5,3,5,4,0,9,8,10
174,1,17,1,0,1,2,1,0,2,0,1,2,1,1,0,0,1,1,1,0,1,1,3,3,2,2,2,4,8,8,8,9
175,1,17,1,1,1,3,2,2,2,0,1,2,2,2,1,1,0,0,1,1,1,1,4,4,4,1,4,2,4,7,6,8
176,1,15,0,0,1,1,2,2,2,0,1,2,1,0,0,0,0,1,1,1,0,0,4,4,4,2,4,4,2,8,9,10
177,1,16,0,1,1,1,3,0,3,0,0,1,1,1,0,0,0,0,1,0,1,0,5,3,3,1,4,1,2,9,8,8
178,1,17,1,0,1,1,1,2,3,0,1,4,2,0,0,0,0,1,1,0,0,1,5,3,5,1,5,4,0,8,8,8
179,1,17,0,1,1,3,2,3,3,0,1,2,1,3,0,1,0,1,0,0,0,0,4,5,2,1,1,1,10,8,7,8
180,1,16,0,1,1,2,2,2,2,0,0,1,2,0,0,0,0,0,1,0,1,0,4,3,5,2,4,3,0,9,10,11
181,0,16,0,1,1,4,2,1,3,1,0,1,2,0,0,0,0,0,1,1,1,1,4,2,3,1,1,2,0,17,17,18
182,0,16,0,1,1,2,2,2,2,1,1,1,2,0,0,1,0,0,0,1,1,0,5,1,5,1,1,3,0,12,12,13
183,0,16,0,1,1,4,4,1,1,3,1,1,2,0,0,1,0,0,1,1,1,1,4,4,2,1,1,2,0,16,16,17
184,1,16,0,1,1,3,4,2,2,0,0,3,1,1,0,1,0,1,0,1,1,0,3,4,5,2,4,1,4,9,9,10
185,1,16,0,1,1,1,0,2,2,3,1,2,2,0,0,1,0,1,1,1,1,1,4,3,2,1,1,2,0,16,17,18
186,1,17,0,0,1,4,4,4,2,3,1,1,2,0,0,1,0,1,1,1,1,0,4,4,4,1,3,4,0,11,9,10
187,0,16,0,1,1,1,3,0,3,1,1,1,2,0,0,0,0,1,0,1,1,1,4,3,5,1,1,2,0,14,13,13
188,0,16,0,0,1,3,3,2,2,3,1,2,2,0,0,1,0,1,1,1,1,0,4,4,5,1,1,3,0,14,14,15
189,1,17,0,0,1,4,3,4,2,0,1,2,2,0,0,0,0,1,1,1,1,0,4,4,4,4,4,3,0,10,11,11
190,0,16,0,1,1,2,2,3,2,3,1,2,2,0,0,0,0,1,0,1,1,0,3,4,4,1,4,4,0,13,12,14
191,1,17,0,1,1,3,3,2,2,3,0,1,2,0,0,0,0,1,0,1,1,0,4,3,4,1,4,3,4,11,9,10
192,1,16,1,1,1,4,2,4,3,2,1,1,1,0,0,1,0,1,1,1,1,1,4,3,3,3,4,2,8,10,9,11
193,1,17,0,1,1,4,3,2,2,0,1,1,2,0,0,1,1,1,1,1,1,1,5,2,3,1,1,1,4,11,11,13
194,1,16,0,1,1,4,3,4,2,1,1,1,2,0,0,1,1,1,1,1,1,0,3,4,3,2,3,2,4,11,10,11
195,1,16,0,1,1,3,3,3,2,1,1,1,2,0,0,0,0,1,1,1,1,1,4,2,3,1,2,2,0,11,12,13
196,0,17,0,1,1,2,4,3,3,3,0,1,2,0,0,1,0,1,1,1,0,0,5,4,2,2,3,4,0,17,18,17
197,0,17,0,0,1,3,3,2,2,3,1,1,2,0,0,1,0,1,1,1,1,1,5,3,3,2,3,0,32,14,13,14
198,0,16,0,1,1,3,2,2,2,3,1,1,2,0,0,1,0,0,1,1,1,0,1,2,2,1,2,0,8,14,15,16
199,1,17,0,1,1,3,3,3,3,2,1,1,2,0,0,1,0,1,1,1,1,1,4,3,4,2,3,3,6,11,13,14
200,1,16,0,1,1,1,2,3,3,2,1,1,1,0,0,1,0,1,1,1,1,1,3,3,3,1,2,2,0,10,9,11
201,1,16,0,0,1,2,1,2,2,0,1,1,2,0,0,0,0,1,1,1,1,1,4,2,3,1,2,4,0,13,14,16
202,0,17,0,1,0,3,3,1,2,3,1,1,2,0,0,1,0,0,0,1,1,1,3,3,3,1,3,2,10,12,13,14
203,1,17,1,1,1,1,2,0,2,1,1,1,2,0,0,0,0,0,1,1,0,0,3,1,3,1,5,2,6,9,9,10
204,0,16,0,1,1,2,3,3,3,0,1,1,2,0,0,0,0,0,1,1,1,0,4,3,3,1,1,1,6,12,12,13
205,0,17,0,1,1,1,1,0,3,0,1,1,2,0,0,0,0,1,1,1,1,0,5,3,3,1,1,2,0,12,11,12
206,1,17,0,1,1,1,2,0,3,2,2,2,2,0,0,0,0,1,0,1,1,0,4,4,4,4,5,4,16,10,11,12
207,1,16,1,1,1,3,3,3,3,3,1,1,1,0,0,1,0,1,1,1,1,0,4,3,2,3,4,4,0,11,10,10
208,1,16,0,1,1,2,3,2,2,1,0,2,1,0,0,0,0,0,1,1,1,0,5,3,3,1,1,2,0,13,12,12
209,0,17,0,0,1,2,4,3,3,0,0,1,2,0,0,0,0,1,1,1,1,1,4,3,2,1,1,4,8,14,15,16
210,1,17,0,1,1,4,4,3,4,1,1,1,1,0,0,0,0,0,1,1,1,0,5,2,3,1,2,4,4,13,13,14
211,1,16,1,0,1,3,3,4,2,1,0,3,1,0,0,1,0,1,1,1,1,0,3,3,4,3,5,2,16,10,11,12
212,0,17,0,1,1,4,4,3,4,1,1,2,1,1,0,1,0,0,1,1,1,0,4,2,4,2,3,1,30,14,15,16
213,0,16,0,0,1,4,4,4,4,3,1,1,2,0,0,1,0,0,1,1,1,0,4,5,2,1,2,2,0,11,10,11
214,0,16,0,1,1,4,3,1,2,1,1,1,2,0,0,1,0,1,1,1,1,0,4,3,5,1,5,1,2,14,14,15
215,0,16,0,1,1,2,3,2,2,3,1,1,2,0,1,1,0,1,1,1,0,0,4,4,3,1,3,3,4,11,12,12
216,0,17,0,1,1,1,1,2,2,0,1,1,2,0,0,1,0,0,0,1,0,0,4,4,4,1,3,0,0,14,15,15
217,0,17,1,1,1,2,2,2,2,3,1,1,1,0,0,1,0,0,1,1,1,0,5,3,2,1,2,2,21,13,13,13
218,0,16,1,1,1,2,2,3,3,3,1,2,4,0,0,1,0,1,0,1,1,0,5,3,5,1,1,4,6,13,13,13
219,0,17,0,1,1,3,4,0,3,1,1,1,3,1,0,1,1,0,1,1,1,1,4,4,3,3,4,4,14,8,9,8
220,0,16,0,1,0,3,1,3,2,0,1,1,2,0,0,1,0,0,1,1,1,0,2,3,3,2,2,3,2,11,11,12
221,0,16,0,1,1,4,3,4,2,2,1,1,2,0,0,0,0,1,1,1,1,1,1,3,2,1,1,0,4,14,15,15
222,0,16,0,1,1,1,1,0,2,1,1,2,1,0,0,1,0,0,1,1,0,0,4,3,2,1,4,4,2,12,13,13
223,0,17,1,1,1,4,3,4,2,3,1,2,3,0,0,1,0,1,1,1,1,1,4,4,2,1,1,3,0,11,12,12
224,0,19,0,1,1,3,3,2,2,3,2,1,4,0,0,1,0,1,1,1,1,0,4,3,3,1,2,2,4,12,12,12
225,1,17,0,0,1,4,4,3,2,1,1,1,2,0,0,1,0,0,1,1,1,1,5,3,5,4,5,2,15,13,12,12
226,0,16,0,1,0,2,2,2,2,3,1,1,2,0,1,1,0,0,1,1,1,0,3,3,4,1,1,3,0,13,13,13
227,1,18,0,1,1,2,2,3,2,1,1,1,2,0,0,1,0,1,1,1,1,0,4,4,4,2,4,4,10,12,11,11
228,0,17,1,0,1,4,4,3,2,2,1,1,1,0,0,1,0,0,1,1,0,0,5,2,1,1,2,2,6,12,11,11
229,0,17,0,0,1,3,2,2,2,3,1,2,2,0,0,0,0,0,1,1,1,0,4,4,4,1,3,0,2,14,16,15
230,0,17,0,1,1,4,3,2,2,3,1,1,2,0,0,0,0,0,1,1,1,1,3,4,5,2,4,0,16,11,9,10
231,1,18,0,0,1,3,3,3,1,1,0,1,2,0,0,1,0,0,1,1,1,0,3,2,4,2,4,3,10,10,10,10
232,0,17,0,1,1,2,3,0,2,1,0,2,1,0,0,1,0,0,1,1,0,0,3,3,3,1,4,2,4,12,13,13
233,0,17,0,1,1,2,2,0,0,0,1,1,3,0,0,1,0,1,1,1,1,0,4,3,3,1,1,3,0,12,12,13
234,0,17,1,1,1,2,1,0,3,3,1,2,2,0,0,1,0,1,1,1,1,0,4,2,5,1,2,4,0,11,10,11
235,0,17,0,1,1,1,1,0,2,3,1,1,3,0,0,1,0,1,1,1,0,1,4,3,4,1,1,4,12,12,12,12
236,0,16,0,1,1,2,3,3,4,2,1,1,2,0,1,0,0,0,1,1,1,0,2,3,1,1,1,2,0,13,13,14
237,1,18,0,1,1,2,2,2,2,1,1,2,2,3,0,1,1,0,1,1,1,0,3,3,3,5,5,3,9,10,9,10
238,0,16,0,1,1,4,4,4,3,1,1,1,3,0,0,1,0,1,0,1,1,0,5,3,2,1,1,4,4,15,16,16
239,0,18,1,1,1,3,1,2,2,3,1,1,2,0,0,0,0,1,1,1,1,1,5,3,3,1,1,3,4,8,8,8
240,0,17,0,1,1,3,2,2,2,0,1,1,2,0,0,0,0,1,0,1,1,0,5,3,4,1,3,2,2,17,18,17
241,1,17,0,0,1,2,3,3,3,3,0,1,2,0,0,1,0,0,0,1,1,0,5,3,3,1,3,2,0,10,11,11
242,1,18,0,0,1,2,1,0,2,0,1,4,2,0,1,1,0,1,1,1,1,1,4,3,2,4,5,2,2,9,10,11
243,0,17,0,1,0,2,1,2,2,0,1,2,3,0,0,0,0,1,1,1,1,1,3,2,3,1,2,2,0,15,15,16
244,0,17,0,0,1,4,3,1,2,3,0,1,2,0,0,0,0,1,1,1,1,1,3,2,3,1,2,2,0,14,12,12
245,1,17,1,1,1,2,2,2,2,0,0,2,2,0,0,1,0,1,1,1,1,0,4,5,2,1,1,0,0,12,13,13
246,1,17,0,1,1,4,4,4,4,3,1,1,2,0,1,1,0,1,1,1,1,1,4,5,5,1,3,1,0,13,13,13
247,1,16,0,1,1,4,4,1,2,3,0,1,2,0,0,1,0,1,1,1,1,0,4,2,4,2,4,0,0,13,13,14
248,1,16,0,0,1,1,1,2,2,1,1,2,2,0,0,1,0,0,1,1,1,0,3,4,2,1,1,4,2,9,9,9
249,1,16,0,1,1,3,2,0,2,3,1,2,3,0,0,0,0,1,1,1,1,1,5,3,3,1,3,1,0,12,12,12
250,1,17,0,0,1,2,2,2,2,1,0,1,2,0,0,0,0,1,0,1,1,1,4,4,2,5,5,3,0,16,16,16
251,0,16,0,1,1,2,1,2,2,1,1,1,1,0,0,0,0,0,1,1,1,1,4,5,2,1,1,4,4,9,10,10
252,0,16,0,1,0,4,1,2,2,1,1,1,2,0,0,0,0,1,1,1,1,1,5,3,3,1,2,4,0,14,13,13
253,0,18,0,0,0,2,4,3,2,0,1,2,2,1,0,1,0,0,1,1,1,0,4,3,3,1,1,2,18,10,10,10
254,0,18,0,0,1,2,2,0,3,0,1,1,2,1,0,1,0,0,0,1,1,1,5,3,1,1,1,4,16,9,8,10
255,0,18,0,1,1,3,3,2,2,0,1,2,1,1,0,0,0,0,1,0,1,0,4,1,1,1,1,2,14,8,7,7
256,1,18,0,1,1,2,2,2,0,0,2,1,1,1,0,1,0,1,0,0,1,1,4,4,3,2,2,0,26,7,8,8
257,1,17,0,1,1,4,4,4,4,0,1,1,1,0,0,1,0,1,0,1,1,0,4,2,1,1,2,4,6,10,8,9
258,0,17,0,1,1,3,2,2,2,0,0,1,2,0,0,0,0,1,1,1,0,0,5,4,2,1,1,2,4,14,14,15
259,0,17,0,0,1,1,1,0,0,0,1,1,3,0,0,1,0,1,1,1,1,1,4,3,2,1,2,3,10,11,10,10
260,0,16,0,1,1,1,2,2,2,0,1,1,1,0,0,0,0,0,1,0,1,0,5,3,5,1,2,4,4,12,11,11
261,0,17,1,1,1,2,1,0,3,0,1,3,2,0,0,0,0,1,1,1,0,0,2,1,1,1,1,2,2,13,13,13
262,0,17,1,0,0,1,4,2,2,0,2,4,1,1,0,1,0,0,1,1,1,0,5,5,4,1,1,4,14,9,9,8
263,1,18,0,1,1,2,2,2,3,3,0,1,2,0,0,0,0,0,1,0,1,0,5,5,4,3,5,1,16,8,7,8
264,0,17,0,0,0,2,2,2,2,1,1,1,1,1,0,1,0,0,0,0,1,0,3,1,2,1,1,0,8,11,9,10
265,0,17,1,0,1,1,1,0,2,0,1,2,3,0,0,0,0,1,1,1,1,0,4,3,3,1,3,4,4,15,14,15
266,0,17,0,0,0,4,2,4,2,0,1,1,2,0,0,1,0,1,1,1,0,0,4,3,2,1,1,3,4,15,14,14
267,1,17,0,0,1,4,3,1,2,0,1,2,2,0,0,0,0,1,1,1,1,1,2,5,5,1,4,4,8,15,15,15
268,1,17,1,0,0,4,4,4,2,0,1,2,2,0,0,1,0,0,1,1,1,0,3,3,3,2,3,3,0,12,12,12
269,1,16,0,0,1,4,3,4,2,0,1,1,1,0,0,0,0,1,0,1,1,0,5,4,5,1,1,2,7,14,14,15
270,1,16,0,1,1,4,4,3,3,0,1,1,1,0,0,0,1,1,1,1,1,0,5,3,2,1,2,4,4,14,15,15
271,0,17,0,1,1,4,4,4,3,0,1,1,2,0,0,1,1,0,1,1,1,1,5,3,1,1,4,4,2,11,11,12
272,1,17,1,1,1,1,1,2,2,1,0,2,3,0,0,0,0,0,0,1,1,1,4,3,3,1,1,0,2,13,14,15
273,0,17,0,1,1,3,3,3,2,1,1,2,3,0,0,1,0,0,1,1,1,1,4,2,2,2,3,4,10,11,11,11
274,0,17,0,1,1,1,1,0,2,0,1,1,2,0,1,0,0,0,0,1,0,1,4,3,2,1,1,3,10,10,9,10
275,0,18,0,1,1,2,1,2,2,0,2,2,3,0,0,1,0,0,0,1,1,1,4,4,4,1,1,2,10,12,10,11
276,1,16,0,1,1,2,1,2,2,0,1,3,1,0,0,0,0,0,1,1,1,0,4,3,3,1,1,3,7,15,16,16
277,0,17,0,1,1,1,1,2,3,0,0,1,2,0,0,1,0,0,1,1,0,0,4,3,4,1,2,4,4,11,10,11
278,1,17,0,1,1,2,3,2,2,0,0,2,1,0,0,0,0,0,1,1,1,0,5,2,2,1,1,1,2,9,12,13
279,1,22,0,1,1,3,1,3,3,2,1,1,1,3,0,0,0,0,0,0,1,1,5,4,5,5,5,0,12,7,8,5
280,1,18,1,0,1,3,3,2,3,0,1,1,2,0,0,1,0,0,1,1,1,1,4,3,3,1,3,4,8,10,9,10
281,1,16,0,1,1,0,2,2,2,2,1,1,1,0,0,0,0,0,0,1,1,0,4,3,2,2,4,4,0,11,12,11
282,1,18,0,1,1,3,2,3,2,0,1,2,1,0,0,0,0,0,1,0,1,0,4,4,5,2,4,4,8,7,8,7
283,1,16,0,1,1,3,3,0,2,3,2,3,2,1,1,1,0,0,0,1,1,0,5,3,3,1,3,1,4,9,11,10
284,1,18,0,1,1,2,1,3,3,2,1,1,1,2,0,0,0,0,0,0,1,0,3,2,5,2,5,4,4,7,8,6
285,1,16,1,1,1,2,1,2,2,0,1,2,1,0,0,0,0,1,0,1,0,0,3,3,2,1,3,2,2,14,13,12
286,1,17,1,1,1,2,1,2,2,0,1,1,1,0,0,0,0,0,0,1,1,0,4,4,2,2,4,4,0,12,12,13
287,1,17,0,0,1,1,1,1,2,0,1,2,1,1,0,1,0,1,1,1,1,0,4,4,4,1,2,4,0,9,10,10
288,0,18,0,0,0,2,1,2,2,0,1,1,2,0,0,1,0,0,0,1,1,1,4,3,4,1,3,4,2,12,12,13
289,0,17,0,0,1,4,2,4,3,3,1,1,4,0,0,1,0,1,1,1,1,0,4,2,3,1,1,3,2,14,15,17
290,0,19,0,1,1,2,2,3,3,1,1,1,2,0,0,1,0,0,1,1,1,0,4,3,3,1,1,4,0,10,10,11
291,1,18,0,0,1,2,1,3,2,0,1,3,2,1,0,0,0,1,0,0,1,0,4,4,5,4,4,4,4,11,10,11
292,0,17,1,1,1,4,2,2,2,0,1,1,3,0,0,1,0,1,1,1,1,0,4,3,4,1,3,4,2,11,12,14
293,0,18,0,0,1,1,1,2,0,1,1,1,3,0,0,1,0,0,0,1,0,0,4,4,3,2,3,2,4,11,12,14
294,0,18,1,1,1,2,2,2,2,1,1,1,2,0,1,0,0,0,1,1,0,0,3,2,3,1,1,4,4,11,11,13
295,1,19,0,0,0,4,3,3,0,3,1,1,2,0,0,1,0,0,1,1,1,0,4,3,1,1,1,0,4,11,13,14
296,1,18,0,1,1,2,1,2,2,1,1,1,2,0,0,0,0,1,1,1,1,0,5,2,4,1,2,3,2,16,16,16
297,1,17,1,1,1,2,2,2,3,2,1,2,1,0,0,0,0,0,0,0,0,0,5,2,2,1,1,3,0,9,10,10
298,0,17,0,0,1,2,2,3,3,0,0,1,4,0,0,0,0,1,1,1,1,1,3,4,1,1,1,1,2,10,11,12
299,0,20,1,1,1,2,1,2,2,0,2,2,2,0,0,1,1,1,1,0,1,1,1,2,3,1,2,1,8,10,12,12
300,0,18,0,1,1,4,3,3,2,1,0,1,2,0,0,1,0,0,1,1,1,1,3,1,2,1,3,1,2,15,15,15
301,1,18,0,1,1,4,3,4,2,0,1,1,2,0,0,1,0,0,0,1,1,0,4,3,2,1,1,2,2,10,10,11
302,1,18,1,1,1,3,2,2,2,0,1,1,3,0,0,0,0,1,0,1,0,0,5,3,2,1,1,2,2,10,11,12
303,0,17,0,1,1,3,3,2,2,1,1,1,3,0,0,0,0,1,0,1,0,0,3,2,3,1,1,3,2,15,12,13
304,0,18,0,1,1,2,2,0,3,1,1,1,3,0,0,1,0,1,1,1,1,1,4,3,3,1,1,2,0,11,12,13
305,1,17,0,1,1,2,2,2,2,1,0,2,1,0,0,0,0,0,1,0,1,0,4,4,4,2,3,3,8,8,8,9
306,1,18,1,0,0,3,4,2,2,3,1,2,2,0,0,1,0,1,1,1,1,0,4,2,5,3,4,0,6,15,16,16
307,1,17,0,1,1,3,1,3,2,2,1,1,2,0,0,0,0,1,1,1,1,1,5,4,4,3,4,4,0,11,11,14
308,0,18,1,1,1,4,4,4,2,3,1,2,2,0,0,0,0,1,1,1,1,0,4,3,4,2,2,3,8,10,11,12
309,1,18,0,1,1,4,2,1,2,3,0,1,2,0,0,1,0,1,1,1,1,1,5,4,5,1,3,4,4,10,12,14
310,0,18,1,1,1,2,1,2,2,3,1,2,2,0,0,1,0,0,1,0,1,1,4,3,5,1,2,2,12,8,9,10
311,0,19,0,1,1,3,3,2,3,1,2,1,2,0,0,1,0,1,1,1,1,0,4,3,5,3,3,4,16,11,12,12
312,0,18,0,1,1,2,3,2,3,3,0,1,4,0,0,1,0,1,1,1,1,1,4,5,5,1,3,1,10,16,16,16
313,0,18,0,0,1,1,1,2,2,1,1,2,2,0,0,1,0,0,0,1,0,0,4,4,3,1,1,2,2,13,13,13
314,1,17,1,1,1,1,2,0,0,1,1,1,2,0,0,1,0,1,0,1,0,1,3,5,2,2,2,0,2,16,17,18
315,0,18,0,1,1,2,1,2,2,1,1,1,2,0,0,1,0,0,1,1,1,1,4,2,5,1,2,0,8,14,14,15
316,0,17,0,1,1,2,4,0,1,3,1,2,2,0,0,1,0,0,1,1,1,1,4,3,3,1,1,0,6,15,16,16
317,0,17,0,0,1,2,2,3,2,0,1,2,2,0,1,1,0,0,1,1,1,1,4,4,4,2,3,4,6,12,12,12
318,0,18,1,1,0,3,2,2,3,1,1,2,2,0,0,0,0,0,0,0,1,1,4,1,1,1,1,4,15,12,9,10
319,1,18,0,1,1,4,4,4,3,1,1,2,1,0,0,0,0,1,1,1,1,0,3,2,4,1,4,2,6,11,12,12
320,0,18,0,1,1,4,4,1,1,3,0,1,2,1,1,1,0,1,1,1,1,1,2,4,4,1,1,3,2,14,12,13
321,0,17,0,1,1,2,2,2,3,3,0,3,3,0,0,1,0,0,1,1,1,1,4,2,3,1,1,0,8,13,15,15
322,0,19,1,1,1,3,2,3,3,3,0,1,2,1,1,1,0,0,1,0,1,0,3,3,3,4,3,2,0,9,8,10
323,1,18,0,0,1,4,3,4,3,0,1,2,1,0,0,0,0,1,1,1,1,0,4,2,3,1,2,0,0,10,10,10
324,1,18,0,1,1,1,2,0,2,1,2,2,1,0,0,0,0,0,0,0,1,0,3,4,4,2,4,3,10,10,10,11
325,1,17,0,0,0,4,1,3,2,1,1,2,1,0,0,0,0,1,1,1,1,1,4,5,4,2,4,4,22,11,11,10
326,1,17,0,0,0,3,2,4,3,1,1,1,1,0,0,0,0,0,1,1,1,0,4,4,4,3,4,2,18,13,13,13
327,0,18,1,0,1,1,1,0,2,3,1,2,4,0,0,1,0,1,1,1,0,0,5,2,2,1,1,2,2,17,17,18
328,0,18,0,1,1,1,1,2,2,1,1,2,2,0,1,0,0,1,1,1,1,0,5,4,4,1,1,3,0,12,13,13
329,0,17,0,1,1,2,2,2,2,0,1,1,2,0,0,1,0,0,0,1,1,0,5,4,5,1,2,4,12,12,12,14
330,0,18,0,1,1,2,1,2,2,3,1,2,2,0,0,0,0,1,1,1,1,1,4,3,1,1,1,4,10,12,13,14
331,1,17,0,1,1,1,1,2,2,3,0,1,2,0,0,0,0,0,0,1,1,0,4,3,3,1,2,3,0,12,12,12
332,0,18,0,1,1,2,2,0,0,2,1,1,3,0,0,1,0,0,1,1,1,0,4,3,3,1,2,1,0,18,18,18
333,0,17,0,1,1,1,1,3,4,3,1,1,3,0,0,1,0,0,1,1,1,0,4,3,3,1,1,2,0,13,13,14
334,1,18,0,1,1,2,1,3,3,3,1,1,3,0,0,0,0,1,1,1,1,0,4,2,4,1,3,1,0,14,15,15
335,1,18,0,0,0,4,4,4,4,3,1,1,2,0,0,1,0,1,1,1,1,0,5,4,3,1,1,1,0,17,17,17
336,1,18,0,1,1,4,2,4,2,1,1,1,2,0,0,1,0,1,1,1,1,1,4,3,2,1,4,4,2,15,16,16
337,0,17,0,1,1,4,3,1,3,3,1,1,3,0,0,1,0,0,1,1,1,0,4,2,2,1,2,2,0,17,18,18
338,0,17,1,0,1,3,1,3,2,3,1,2,4,0,0,1,0,0,1,1,0,0,3,1,2,1,1,2,0,18,19,19
339,1,18,1,0,1,3,2,3,2,3,1,2,3,0,0,1,0,1,1,1,1,0,5,4,2,1,1,3,0,14,15,15
340,1,17,0,1,1,3,3,1,2,1,1,1,1,0,0,1,0,0,1,1,1,0,4,4,3,1,3,4,0,14,15,15
341,0,19,0,1,1,4,4,1,2,3,2,2,2,0,0,1,0,1,1,1,1,0,2,3,4,2,3,1,2,14,13,13
342,0,18,0,0,1,4,3,2,2,1,2,2,2,0,0,1,0,0,1,1,1,1,4,4,5,1,2,1,0,13,14,14
343,0,18,0,1,1,4,3,2,2,3,0,1,4,0,0,1,0,0,1,1,1,0,4,3,3,1,1,2,0,16,17,17
344,1,18,0,0,1,4,4,4,4,1,1,1,1,0,0,1,0,0,1,1,1,1,1,4,2,2,2,0,0,18,18,17
345,0,18,0,0,0,4,4,1,2,1,1,1,2,0,0,1,1,0,1,1,1,1,4,2,4,1,1,3,0,14,15,15
346,1,17,0,0,1,4,4,2,4,1,0,2,1,0,0,0,0,0,1,1,1,0,4,1,1,2,2,4,0,12,13,13
347,0,17,1,1,1,4,4,3,3,3,1,2,3,0,0,1,0,1,1,1,1,0,5,3,4,1,1,4,0,7,7,8
348,0,17,0,1,1,4,2,2,2,3,1,2,3,0,0,1,0,0,1,1,1,0,4,3,3,1,1,2,0,16,16,16
349,0,17,0,1,1,3,2,1,1,3,0,1,4,0,0,1,0,1,0,1,1,0,5,2,2,1,2,4,0,18,18,18
350,1,19,1,0,1,2,1,0,3,0,1,2,3,1,0,0,0,1,1,1,1,1,4,3,1,1,1,4,0,9,10,11
351,1,20,0,1,0,3,2,3,2,0,2,1,1,2,0,0,0,1,1,1,0,0,5,5,3,1,1,4,0,14,15,15
352,1,19,1,1,1,3,3,2,3,3,0,1,2,0,0,0,0,1,1,1,0,1,4,5,3,1,2,4,0,10,10,11
353,0,18,0,1,1,1,4,2,4,1,1,1,2,0,1,1,0,0,0,1,0,1,3,4,4,1,2,4,2,10,10,11
354,0,18,0,1,1,2,1,3,2,0,1,2,2,0,0,1,0,1,1,1,1,0,5,3,3,1,2,0,2,12,12,15
355,0,17,0,1,1,2,3,2,2,0,0,2,2,0,0,0,0,1,1,1,1,1,4,2,1,1,1,2,2,11,12,14
356,0,17,1,1,1,4,4,4,4,0,1,1,1,0,0,0,0,1,1,1,1,0,4,4,4,1,1,4,2,15,16,17
357,0,18,0,1,1,4,3,2,2,0,1,1,3,0,0,1,0,1,1,1,1,1,4,3,4,1,1,4,2,14,15,17
358,0,18,0,0,1,4,3,1,3,0,1,2,1,0,0,1,0,0,1,1,1,0,3,2,4,1,4,0,8,12,12,15
359,0,17,1,1,1,3,4,0,3,0,0,1,3,0,0,1,0,1,0,1,1,0,4,3,4,2,5,4,2,15,15,17
360,0,18,0,1,1,3,3,0,2,0,0,1,2,0,0,1,0,0,1,1,1,0,4,1,4,1,1,2,8,11,12,14
361,1,19,0,1,1,4,2,1,2,0,1,2,2,0,0,1,0,1,1,1,1,1,5,4,4,1,1,0,9,11,10,10
362,0,18,0,1,1,4,4,4,2,0,1,1,2,0,0,1,0,0,1,1,1,0,4,4,4,3,3,4,0,12,11,13
363,0,18,0,1,1,3,4,2,2,0,1,1,1,0,0,1,0,1,1,1,1,1,5,4,4,1,1,0,4,11,12,14
364,0,17,0,1,1,4,4,1,1,0,1,1,1,0,0,0,0,1,1,1,1,0,5,3,4,1,2,4,2,14,15,17
365,0,17,0,1,0,4,3,3,3,0,1,1,2,0,0,1,0,0,1,1,1,1,5,2,2,1,2,4,14,15,14,17
366,0,17,0,0,0,3,3,3,2,1,1,1,2,0,1,1,0,0,1,1,1,0,5,3,3,1,1,4,0,12,12,13
367,0,17,0,0,1,2,1,2,2,1,0,1,2,0,0,0,0,1,1,1,1,0,4,2,3,2,2,1,2,11,12,14
368,1,18,0,0,1,4,4,2,2,3,0,1,1,0,0,1,0,0,1,1,1,0,4,2,5,3,4,4,2,8,9,11
369,0,19,0,1,1,1,1,2,2,0,2,3,3,0,0,0,0,1,1,0,0,1,1,5,5,4,3,4,12,10,10,11
370,0,19,0,0,0,1,1,2,2,0,2,3,2,2,0,1,0,0,0,1,1,1,5,3,4,1,1,3,2,8,8,9
371,0,18,0,1,1,2,2,2,2,0,1,1,1,0,0,1,0,1,1,1,1,1,4,3,5,2,4,4,2,10,10,10
372,0,17,0,1,1,2,2,2,2,0,1,1,2,0,0,1,0,0,1,1,0,1,4,2,2,1,1,2,4,14,13,13
373,0,17,1,0,1,2,2,3,3,0,1,1,3,0,0,1,0,1,1,1,1,0,3,3,2,2,2,2,0,11,11,10
374,0,17,0,1,1,3,1,3,3,0,0,1,3,0,0,1,0,0,0,1,1,0,3,4,3,2,3,4,0,17,18,17
375,0,17,0,0,1,0,2,0,0,1,0,2,3,0,0,0,0,0,1,1,1,0,3,3,3,2,3,1,0,14,14,15
376,0,18,0,1,1,1,1,2,2,1,1,2,3,0,0,0,0,1,1,1,1,0,4,5,5,1,2,1,0,14,14,14
377,1,18,0,1,1,4,4,2,2,0,1,1,3,0,0,0,0,1,1,1,1,0,4,3,3,2,2,2,0,13,14,13
378,1,17,0,1,1,3,3,2,3,3,1,1,1,0,0,0,0,1,0,1,1,0,4,3,5,3,5,4,0,17,18,17
379,1,17,1,1,1,2,2,3,2,0,1,4,1,0,0,1,0,0,1,1,1,0,4,4,5,5,5,3,2,11,10,10
380,0,17,0,1,1,4,4,4,3,0,1,1,3,0,0,1,0,1,1,1,1,0,5,4,4,1,3,3,0,13,12,13
381,0,17,0,1,1,4,4,4,4,0,1,2,3,0,0,1,0,0,0,1,1,1,4,3,3,1,2,3,4,15,14,15
382,0,17,0,1,1,3,3,0,2,0,1,1,1,0,0,1,1,1,1,1,1,0,4,2,5,2,5,4,2,11,12,11
383,1,18,0,0,1,2,2,2,2,0,1,1,4,0,0,1,1,1,1,1,1,0,4,5,5,2,4,4,0,11,11,12
384,1,19,1,1,1,3,2,0,3,1,2,1,1,0,0,1,0,0,0,1,0,1,5,3,4,2,2,4,0,11,10,10
385,0,18,0,1,1,2,2,0,2,0,1,4,2,0,0,0,0,1,1,1,0,1,4,2,5,1,1,1,2,10,9,10
386,0,17,1,1,1,2,4,0,2,0,0,1,3,0,0,1,0,0,1,1,1,1,4,4,3,1,1,4,0,15,15,15
387,1,18,0,1,1,2,2,2,2,3,1,1,1,0,0,0,0,0,0,1,1,0,5,4,2,1,2,4,6,15,14,15
388,0,18,0,1,1,3,3,3,3,1,1,1,2,0,0,0,0,1,1,1,1,0,5,3,4,1,1,3,8,10,11,12
389,0,18,0,0,1,2,2,2,2,1,2,1,2,0,0,0,0,1,0,1,1,1,4,3,3,1,1,1,0,10,9,12
390,0,18,1,1,1,2,2,0,2,0,1,2,4,0,0,0,0,1,1,1,0,0,4,4,4,1,1,3,6,14,13,14
391,0,17,0,1,1,3,4,3,2,0,1,1,3,0,0,0,0,0,1,1,1,0,4,4,5,1,3,4,8,11,13,14
392,0,17,0,1,1,3,2,2,2,1,1,1,2,0,0,1,0,0,1,1,1,1,4,3,2,2,3,1,0,12,13,15
393,0,18,0,0,1,3,3,3,3,1,1,1,4,0,0,1,0,0,1,1,1,0,5,3,3,1,1,0,4,14,14,15
394,0,17,1,1,0,3,2,2,2,1,1,1,2,0,0,1,0,0,1,1,1,0,4,3,3,2,3,1,0,14,14,16
395,1,18,0,1,1,4,4,4,3,1,0,1,2,0,0,1,0,1,1,1,1,0,4,3,3,2,2,1,0,12,12,13
396,1,18,0,0,1,3,4,3,2,1,1,1,2,0,0,0,0,1,1,1,1,1,4,3,3,1,3,4,6,16,16,17
397,0,17,0,1,0,2,2,0,0,1,0,1,2,0,0,1,0,0,1,1,1,1,3,3,1,1,2,3,18,10,12,14
398,0,18,0,1,1,2,3,0,2,0,1,1,3,0,0,1,0,0,1,1,1,0,4,3,3,1,2,2,0,11,12,14
399,0,18,0,1,1,3,2,2,3,2,1,1,3,0,0,0,0,0,1,1,1,1,5,4,3,2,3,0,4,14,16,17
400,1,18,1,1,1,4,3,4,3,0,1,1,3,0,0,0,0,0,1,1,1,1,5,3,2,1,2,3,4,15,14,17
401,1,18,0,1,1,4,3,4,2,0,1,1,3,0,0,1,0,0,1,1,1,1,5,4,5,2,3,4,0,14,13,14
402,0,17,0,1,1,4,3,1,2,3,1,1,3,0,0,1,0,1,1,1,1,1,4,4,3,1,3,3,0,11,12,13
403,0,17,0,1,1,2,1,3,2,0,1,2,2,0,0,1,0,1,1,1,1,1,4,3,4,2,2,0,10,12,15,15
404,0,17,0,1,1,2,1,3,2,3,1,1,2,0,0,1,0,1,1,1,1,0,4,3,5,2,4,3,4,12,16,16
405,0,19,0,0,0,2,3,0,2,1,2,2,1,1,0,0,0,0,1,0,1,0,2,2,3,3,4,4,16,10,11,11
406,0,17,0,1,1,3,1,2,0,1,1,1,1,1,0,1,1,0,1,1,1,1,4,1,2,1,1,2,6,10,13,13
407,0,21,0,0,1,4,4,2,2,3,2,1,3,2,0,0,1,1,1,1,1,0,3,3,2,1,1,4,0,9,12,12
408,1,18,0,0,1,2,2,3,3,3,1,1,2,0,0,1,0,1,0,0,1,0,4,4,4,1,3,2,11,9,11,12
409,1,18,0,0,0,3,4,2,2,3,2,1,2,0,0,0,0,1,1,1,1,1,4,3,5,1,4,1,9,13,14,15
410,0,17,0,1,1,2,2,3,3,3,1,1,2,0,0,1,0,1,1,1,1,0,4,3,4,1,3,3,0,13,17,17
411,1,17,0,0,0,4,4,1,2,3,1,1,3,0,0,1,0,0,1,1,1,0,4,4,2,1,2,3,2,12,15,15
412,0,18,0,0,1,4,2,4,2,0,1,1,2,0,0,1,0,1,1,1,1,0,4,2,2,1,1,2,0,14,17,17
413,1,21,1,0,1,1,1,0,2,0,2,2,2,2,0,1,0,1,1,0,1,1,5,3,3,5,2,3,21,9,10,10
414,0,20,1,1,1,1,1,2,2,3,2,2,3,0,0,0,0,0,1,1,1,1,3,2,2,1,3,2,8,11,15,15
415,0,19,0,1,1,4,4,4,2,1,2,1,1,1,0,1,0,0,1,1,1,1,3,2,5,4,4,4,5,9,10,11
416,1,17,0,0,0,3,2,2,2,3,1,1,2,0,0,1,0,0,1,1,1,0,4,4,4,1,2,4,10,16,18,18
417,0,18,0,1,1,3,2,0,2,3,0,1,3,0,0,1,0,0,1,1,1,1,4,3,4,1,2,1,5,14,17,17
418,1,18,1,1,1,2,3,2,3,3,0,1,1,0,0,0,0,0,1,1,1,0,3,1,3,4,5,3,13,13,14,14
419,1,19,0,1,1,2,1,2,2,3,1,1,1,0,0,0,0,0,1,1,1,0,5,3,4,1,4,3,10,7,11,11
420,0,18,0,0,0,2,2,3,2,3,1,2,2,0,0,1,0,0,1,1,1,0,4,1,4,1,3,3,10,14,17,17
421,0,20,0,1,1,1,0,2,2,3,1,2,1,1,1,0,0,0,1,1,1,1,5,3,1,1,1,4,5,8,10,10
422,0,18,0,1,1,3,2,3,2,1,1,1,2,0,0,1,0,1,0,1,1,1,3,1,2,1,2,0,4,10,13,13
423,0,16,0,1,1,1,3,0,2,2,0,2,1,0,0,1,0,0,1,0,1,1,4,3,3,1,3,4,11,10,11,11
424,0,16,1,1,1,2,2,2,2,0,1,2,2,0,0,1,0,1,1,1,1,0,4,4,4,1,1,4,0,12,12,12
425,0,15,1,1,1,1,1,0,3,2,1,1,1,1,0,1,0,0,1,1,0,1,4,1,3,1,1,1,6,10,10,10
426,0,15,1,1,1,3,3,0,2,0,1,2,1,0,0,1,0,0,1,1,1,0,5,4,4,2,3,4,4,10,10,11
427,0,16,1,1,1,2,3,0,3,0,1,2,2,0,0,0,0,0,1,1,0,0,4,5,2,1,2,4,0,16,17,17
428,0,15,1,0,1,2,1,0,2,1,1,2,1,0,0,0,0,0,1,0,0,0,1,3,4,1,1,0,0,6,8,9
429,1,16,1,0,0,4,4,0,2,1,1,1,2,0,0,1,0,0,1,1,0,0,5,3,2,1,3,1,5,10,11,11
430,1,16,0,1,0,1,2,2,2,2,1,1,3,0,1,0,0,0,1,1,1,0,4,4,3,1,1,4,0,10,11,11
431,0,17,1,1,1,3,2,0,2,0,0,1,2,1,0,0,0,0,1,1,0,1,4,5,4,1,2,4,0,10,10,10
432,0,17,1,1,1,1,1,2,2,2,0,1,1,1,0,1,0,0,0,0,1,0,5,4,4,2,2,4,0,6,6,7
433,0,15,1,1,1,4,4,4,2,0,1,2,1,0,0,0,0,0,1,1,1,1,1,5,1,3,5,4,0,13,14,14
434,0,16,0,0,0,2,2,0,2,3,1,2,4,0,0,0,0,1,0,0,0,1,1,2,1,1,1,0,4,10,9,11
435,0,15,1,0,1,1,1,0,3,3,0,2,2,0,0,1,0,0,1,1,1,0,5,4,3,1,2,3,0,10,10,10
436,0,15,1,0,1,1,1,2,3,0,1,2,1,1,0,1,0,0,1,1,1,1,4,4,3,1,2,1,4,6,7,8
437,0,16,1,1,1,0,2,2,2,2,1,2,1,0,0,1,0,1,1,1,0,0,3,2,3,1,2,1,0,12,11,12
438,0,17,1,1,1,2,3,2,2,0,1,2,1,0,0,1,0,0,1,1,1,0,5,5,5,1,3,2,2,10,11,12
439,0,15,1,1,1,3,3,2,3,0,0,2,1,0,0,0,0,0,0,1,1,0,4,1,3,1,1,3,0,14,16,16
440,1,16,0,1,1,1,1,0,3,1,1,2,2,0,0,1,0,1,1,1,0,1,5,4,5,4,5,2,0,7,0,0
441,1,17,0,1,1,1,1,2,2,1,1,1,2,0,0,0,1,0,0,1,1,0,4,4,3,2,4,4,4,8,9,9
442,1,15,1,0,1,4,1,1,3,3,0,1,2,0,0,1,0,1,1,1,1,0,5,3,4,1,2,1,0,12,13,14
443,1,15,1,0,1,4,1,1,3,3,0,1,2,0,0,1,0,1,1,1,1,0,5,3,4,1,2,1,7,7,9,8
444,1,16,1,1,1,3,4,2,1,2,1,3,2,0,0,0,0,0,0,1,0,0,3,4,5,1,2,4,4,9,10,11
445,1,15,1,1,1,1,1,2,2,0,1,4,2,0,0,1,0,1,1,1,0,1,5,4,5,2,4,3,8,7,9,9
446,1,15,0,0,1,3,3,0,0,3,0,1,2,0,0,1,0,1,1,1,1,0,5,3,3,1,1,4,0,11,11,11
447,1,17,1,1,1,2,1,2,2,2,1,3,1,0,0,0,0,1,1,0,0,1,5,5,5,5,5,2,8,8,10,9
448,0,16,1,1,1,4,4,4,4,0,1,2,3,0,0,0,0,1,1,1,1,1,4,2,2,1,1,3,6,16,16,17
449,0,15,1,1,1,1,2,2,3,0,1,2,1,0,0,0,0,0,1,1,0,0,5,1,2,1,1,0,3,11,13,13
450,0,16,1,1,1,2,3,2,3,0,1,3,2,0,0,1,0,0,1,1,1,0,4,5,4,1,2,0,2,15,15,15
451,1,16,1,1,1,1,2,2,2,0,0,2,2,0,0,0,0,0,1,1,0,0,4,3,3,1,1,4,0,10,11,11
452,0,16,1,1,1,2,2,2,2,0,1,3,2,0,0,1,0,0,1,1,1,0,4,4,5,1,1,3,4,9,10,11
453,0,16,0,1,1,1,2,2,3,0,1,1,3,1,0,1,0,0,1,1,0,0,1,3,2,1,2,3,0,10,8,8
454,0,16,0,1,1,1,2,2,3,0,1,1,3,1,0,1,0,0,1,1,0,0,1,3,2,1,2,3,3,9,8,8
455,0,15,0,1,1,2,1,0,2,1,1,1,2,0,1,1,0,0,0,1,1,0,4,4,2,3,3,1,0,9,10,9
456,0,16,0,1,1,1,1,0,2,0,0,1,2,0,0,1,0,0,0,1,0,1,5,4,3,2,1,1,0,13,14,15
457,1,17,1,0,1,1,2,0,3,3,1,1,1,0,0,1,0,1,1,1,1,0,5,5,5,5,5,2,4,10,11,11
458,0,16,1,1,1,1,1,2,2,1,0,4,4,0,0,1,0,0,0,1,1,0,4,3,2,1,1,0,0,13,10,13
459,0,16,1,1,1,1,1,0,2,2,0,4,3,0,1,1,0,0,1,1,0,0,4,4,3,1,1,4,2,10,9,10
460,0,15,1,1,1,1,1,0,2,1,0,2,2,0,0,1,0,1,1,1,1,0,4,3,3,1,1,1,1,11,10,11
461,0,16,1,1,1,1,1,0,2,2,1,2,1,0,0,0,0,1,1,1,1,1,4,2,2,4,3,1,0,13,12,14
462,0,15,1,1,1,1,1,0,0,0,0,3,2,0,0,1,0,0,1,1,0,0,4,2,1,1,2,1,0,13,14,14
463,0,15,1,0,1,2,2,2,2,2,0,1,3,0,1,1,0,0,1,1,0,0,4,4,3,2,2,4,2,14,11,12
464,1,16,1,1,1,1,1,0,2,2,0,2,1,0,0,0,0,1,1,1,0,0,3,4,4,3,4,4,6,11,11,11
465,0,18,0,1,1,1,2,2,2,0,0,1,2,1,0,1,0,1,1,1,1,1,3,4,4,2,3,4,9,9,8,8
466,1,15,0,1,1,3,1,2,3,1,1,2,1,0,0,1,0,0,1,1,0,0,3,2,3,1,3,3,0,10,9,11
467,0,16,1,1,1,2,2,2,3,0,0,3,2,0,0,1,0,1,1,1,1,0,5,3,4,1,1,1,1,14,13,14
468,1,15,0,1,1,2,2,1,2,3,1,3,1,0,0,0,0,0,1,1,0,0,4,3,3,1,2,3,1,13,12,13
469,1,16,0,1,1,4,4,2,4,0,0,1,2,0,0,1,0,1,1,1,0,1,4,3,1,1,1,2,0,13,12,13
470,0,15,1,1,1,3,3,3,2,3,1,1,2,0,0,1,0,0,1,1,1,1,4,5,4,1,1,0,4,13,12,12
471,0,16,1,1,1,2,2,0,2,0,1,2,2,1,0,1,0,1,0,1,0,0,4,4,4,2,3,4,2,12,11,12
472,0,16,1,0,1,2,2,2,2,1,0,3,1,0,0,1,0,1,1,1,0,1,4,3,2,1,1,3,0,14,14,16
473,1,16,0,0,1,2,1,0,3,0,1,2,1,0,0,1,0,1,1,1,1,0,2,4,3,2,3,3,4,10,8,10
474,1,15,1,0,1,1,3,0,2,3,0,3,1,0,0,1,0,1,1,1,1,0,4,2,4,3,5,2,2,10,11,11
475,0,15,0,1,1,2,2,2,3,0,1,2,3,0,0,1,0,1,1,1,0,0,5,3,2,1,1,3,0,12,13,14
476,0,16,1,0,1,2,1,2,2,1,1,1,1,0,0,1,0,0,1,1,1,1,5,4,3,1,1,4,2,10,8,8
477,1,15,0,1,1,3,3,3,3,0,0,2,1,0,0,1,0,1,0,1,1,0,4,3,3,2,4,2,11,12,10,11
478,0,16,1,1,1,1,1,0,2,0,0,2,2,3,1,1,0,0,1,1,0,0,3,4,3,1,1,0,0,7,7,8
479,0,17,0,1,1,2,2,2,0,0,1,1,1,0,0,1,0,1,1,0,0,0,4,5,3,1,1,4,4,9,9,10
480,0,19,0,1,1,2,3,0,3,0,2,1,1,1,0,0,0,0,1,0,1,1,4,4,4,1,1,1,0,9,9,10
481,0,17,1,1,1,2,1,0,2,0,1,3,1,0,0,1,0,1,1,0,0,1,5,5,3,1,1,2,2,9,10,11
482,0,15,1,0,1,1,1,0,2,0,1,2,1,0,0,1,0,0,1,0,0,1,5,2,1,1,3,3,0,9,10,9
483,0,16,1,1,1,2,2,2,2,0,0,3,2,0,0,1,0,0,1,0,1,0,3,4,5,1,2,0,1,9,10,11
484,0,16,0,0,0,2,2,2,2,1,1,1,1,0,0,1,0,0,1,0,0,0,4,3,4,1,2,0,6,7,7,8
485,0,17,1,1,1,2,2,0,2,0,1,2,2,0,0,1,0,0,1,1,1,0,4,3,5,1,2,3,0,11,10,11
486,0,16,0,1,1,2,2,2,3,0,0,1,1,1,0,1,1,1,0,1,1,0,4,4,3,1,4,2,1,9,10,10
487,0,18,1,0,0,3,2,2,2,0,2,2,3,2,0,1,0,0,0,0,0,1,3,3,2,1,1,1,6,7,9,10
488,0,19,0,1,1,1,1,0,3,0,1,1,3,1,0,0,0,1,1,0,0,1,5,3,1,1,1,2,6,7,9,9
489,1,18,1,1,1,1,1,2,2,1,1,2,1,1,0,0,0,1,1,0,1,0,4,4,3,3,4,3,0,8,9,10
490,0,18,1,1,1,1,1,0,0,0,1,2,1,1,0,0,0,0,0,0,1,1,3,2,3,1,1,1,4,9,11,10
491,0,19,0,1,1,1,1,2,2,0,2,2,2,1,0,1,0,0,1,1,1,1,1,1,4,4,1,0,12,7,8,9
492,0,16,1,1,0,2,2,1,2,0,1,1,2,0,0,0,0,0,0,1,0,1,3,3,2,1,1,2,2,8,10,10
493,0,17,0,1,1,0,1,2,0,0,0,2,1,0,0,0,0,1,0,1,0,0,2,4,4,3,5,4,5,9,9,10
494,0,16,1,0,1,1,2,0,2,0,1,1,2,0,0,0,0,1,1,0,1,0,4,4,5,1,3,2,0,8,9,9
495,0,16,0,1,1,3,3,2,2,3,1,1,1,0,0,0,0,1,1,0,1,1,4,5,4,1,1,3,0,14,13,13
496,0,16,1,0,1,1,1,3,3,1,1,1,1,0,0,1,0,1,1,1,1,1,4,4,4,2,2,3,2,14,14,14
497,1,17,0,1,1,3,3,3,0,0,1,2,4,1,0,1,1,1,1,1,0,0,5,4,5,3,4,4,0,10,11,10
498,0,16,0,1,1,2,1,2,3,0,1,1,2,0,0,1,0,1,1,1,1,0,5,3,3,1,1,0,0,14,13,14
499,0,16,0,1,1,2,2,3,2,0,1,1,1,0,0,1,1,1,1,1,0,1,4,2,5,1,2,4,0,17,16,16
500,1,17,0,1,1,1,2,2,2,0,0,1,1,1,0,1,0,1,1,0,1,1,5,3,5,5,5,0,12,6,7,7
501,1,16,0,0,1,4,3,2,2,0,0,1,1,0,0,0,0,1,1,1,1,0,4,2,5,1,5,4,8,14,12,13
502,1,17,1,0,1,2,2,3,3,2,1,3,4,1,0,1,0,0,1,1,0,0,1,3,5,3,5,2,2,10,8,9
503,0,16,0,1,1,1,1,2,2,0,2,1,4,0,1,1,0,1,1,1,1,0,2,2,1,1,1,4,0,14,14,14
504,0,19,0,0,1,2,2,2,2,1,1,1,3,0,0,0,0,0,1,1,1,1,5,4,5,1,1,0,0,12,13,13
505,0,17,1,1,1,1,1,0,2,3,1,2,1,0,0,1,0,1,0,1,1,1,4,4,5,1,2,4,0,11,11,11
506,0,20,0,1,1,3,3,0,3,2,1,2,2,1,0,0,0,1,1,1,1,1,3,3,4,2,4,2,8,11,9,10
507,0,17,0,0,1,1,1,2,3,0,0,1,3,0,0,1,0,0,1,1,0,1,4,3,3,1,1,2,0,11,11,10
508,1,17,1,1,1,2,2,2,2,0,1,3,1,1,0,1,0,0,0,1,1,0,4,4,5,1,2,4,0,10,9,9
509,0,16,1,0,1,1,1,0,2,0,0,3,2,0,0,1,0,0,1,1,0,0,5,3,2,1,1,0,0,16,17,18
510,0,17,1,1,1,2,2,2,2,3,1,2,2,0,0,1,0,1,1,1,0,0,5,3,2,1,1,0,0,15,17,17
511,0,17,0,1,0,1,0,2,2,2,1,2,2,0,0,0,0,0,1,1,1,1,4,4,5,1,1,3,1,11,9,10
512,0,18,1,1,1,1,1,0,2,2,1,1,2,1,0,1,0,0,1,1,1,1,4,3,2,1,1,4,9,7,7,7
513,0,16,0,1,1,3,1,2,2,0,1,1,1,0,0,0,0,1,1,1,1,0,3,1,3,1,3,0,0,8,6,8
514,0,16,0,1,1,3,2,3,0,0,1,1,1,0,0,0,0,0,1,1,1,0,3,1,3,1,4,2,2,7,6,7
515,0,18,0,0,1,1,1,2,0,3,1,2,2,0,1,0,0,0,1,1,0,0,2,3,5,1,4,2,8,9,8,10
516,0,16,1,1,1,4,4,1,4,3,0,1,2,0,0,0,0,1,0,1,1,1,4,3,3,2,3,1,0,14,16,16
517,0,16,1,0,1,1,2,2,2,3,1,2,1,0,0,0,0,1,1,1,1,0,5,4,5,1,4,1,0,14,14,15
518,0,18,0,1,0,2,4,2,3,3,0,1,2,1,0,1,0,0,1,1,1,0,2,3,2,1,3,0,8,8,5,8
519,1,16,1,1,1,2,1,2,3,3,1,2,2,0,0,0,0,1,1,1,1,0,5,2,1,1,1,1,0,8,7,0
520,0,16,0,0,1,1,1,0,2,2,1,3,2,0,0,1,0,0,1,1,1,0,4,3,2,1,3,4,6,6,8,8
521,0,16,1,1,1,2,3,0,3,2,1,2,2,0,0,1,0,1,1,1,1,0,3,3,3,1,1,1,0,8,10,10
522,0,16,0,1,1,4,4,1,1,0,1,1,2,0,0,1,0,0,1,1,1,1,4,3,4,1,2,2,4,8,8,8
523,1,18,0,0,1,4,4,0,1,1,1,1,4,0,0,1,0,1,1,0,1,1,5,5,5,5,5,4,2,5,6,6
524,0,16,1,0,1,3,4,0,2,2,1,3,2,0,0,1,0,0,0,1,0,0,4,2,1,1,1,1,2,7,9,8
525,1,17,0,0,1,4,4,2,3,1,1,1,3,0,0,1,0,0,1,1,1,0,4,4,3,1,2,4,0,15,14,16
526,0,17,1,1,1,4,1,2,2,2,1,1,1,0,0,0,0,0,1,1,1,1,4,2,3,1,2,4,1,13,14,14
527,1,16,0,0,1,2,2,3,3,2,1,4,3,0,0,0,0,0,1,1,0,0,5,1,3,2,2,2,0,10,9,10
528,0,17,1,1,1,2,2,0,2,2,1,1,1,0,0,1,1,0,1,1,1,0,5,1,3,1,2,4,5,9,9,9
529,0,16,0,0,1,4,4,3,3,2,0,2,1,0,0,1,0,0,1,1,0,0,5,1,3,1,2,4,1,11,11,11
530,1,17,0,1,1,3,3,3,3,1,1,1,1,0,0,1,0,1,1,1,1,0,4,1,4,5,5,2,8,7,10,9
531,1,17,0,1,1,1,1,0,3,2,1,3,2,0,0,0,0,0,1,1,1,1,5,1,3,3,3,0,0,10,10,10
532,1,16,0,1,1,2,1,1,3,2,1,2,2,0,0,0,0,0,0,1,1,1,4,2,2,1,4,4,2,9,7,8
533,0,16,0,0,1,2,1,2,3,2,1,1,2,0,0,0,0,0,1,1,1,1,3,2,2,1,1,2,0,14,15,16
534,1,16,0,0,1,4,4,4,1,2,0,1,1,0,0,1,0,0,1,1,1,0,4,1,2,2,5,4,0,11,12,12
535,1,15,1,1,1,1,2,2,3,0,1,3,2,0,0,1,0,1,1,1,0,0,5,5,5,1,3,4,11,9,11,10
536,1,15,0,0,0,2,2,2,2,3,1,3,4,0,0,1,0,1,1,1,0,0,5,4,5,2,3,4,8,13,14,14
537,1,15,0,0,0,2,1,3,3,0,1,1,1,0,0,0,0,1,1,1,1,0,4,3,3,1,2,4,11,12,13,12
538,0,16,1,0,1,2,2,2,2,0,1,1,3,0,0,1,0,0,0,1,0,1,4,3,3,2,2,4,2,11,11,11
539,0,16,0,0,1,4,1,2,2,1,1,2,2,0,0,1,0,1,1,1,1,0,1,2,4,2,2,0,8,9,10,10
540,0,17,0,1,1,3,2,0,2,1,1,2,1,0,0,0,0,0,1,1,0,1,4,3,3,2,2,0,5,9,11,11
541,0,17,1,1,1,2,2,2,2,2,1,2,2,0,1,0,1,0,1,1,0,0,5,1,3,1,1,4,0,11,9,11
542,0,16,0,1,1,4,4,4,3,0,1,2,3,0,0,1,0,0,1,1,1,1,5,3,5,1,4,4,1,10,11,12
543,1,17,1,1,1,4,4,1,2,0,0,3,1,3,0,0,0,1,1,1,1,1,3,3,3,1,3,4,2,9,9,8
544,1,17,1,0,1,1,3,2,2,0,0,2,1,0,0,0,0,1,1,1,0,1,5,1,2,3,3,4,2,12,11,12
545,1,17,0,1,1,3,4,3,2,2,1,1,2,1,0,1,0,1,0,1,1,1,5,4,4,3,4,4,8,8,9,8
546,0,17,0,1,1,4,4,1,1,0,0,1,2,0,0,1,0,0,1,1,1,0,5,2,5,1,1,4,0,13,15,16
547,1,16,1,0,1,4,1,2,0,2,0,1,1,0,0,0,0,0,1,1,1,0,4,1,2,2,1,1,0,10,11,11
548,0,17,0,1,0,1,1,0,0,2,1,1,2,0,0,0,0,1,1,1,1,1,4,5,5,1,2,2,2,11,10,11
549,0,17,1,1,1,4,2,2,2,0,1,2,2,0,1,1,0,0,0,1,1,0,4,3,3,2,3,4,0,17,18,18
550,1,16,0,0,0,2,2,2,3,0,0,2,2,0,0,1,0,0,0,1,1,1,4,1,2,2,2,4,0,12,13,13
551,1,17,0,1,1,3,2,2,2,2,0,2,2,0,0,1,1,0,1,1,1,0,4,1,2,2,2,0,0,13,14,13
552,1,19,0,1,1,1,1,2,2,2,1,1,2,2,0,1,0,1,1,0,1,0,4,4,3,3,4,3,2,9,9,10
553,1,17,0,0,0,1,0,2,2,1,1,1,1,0,0,0,0,0,1,1,0,1,4,1,2,1,1,4,4,11,11,12
554,0,17,1,1,1,1,1,0,0,0,0,2,1,0,0,1,0,1,1,0,1,1,3,5,5,2,2,3,3,10,11,10
555,0,16,1,1,1,1,2,2,2,1,0,1,3,0,1,1,0,0,0,1,1,1,4,3,4,1,1,2,5,13,14,13
556,1,16,1,0,1,1,2,2,0,0,1,1,1,0,0,0,0,0,1,1,0,0,4,4,4,2,4,4,4,9,10,11
557,0,17,1,1,1,3,1,2,2,0,1,2,2,3,0,1,0,1,0,1,1,1,5,4,4,1,1,4,2,7,9,10
558,1,17,1,1,1,2,2,2,2,0,1,2,1,0,0,0,0,1,1,0,0,1,5,5,5,3,5,4,0,8,13,10
559,1,18,1,1,1,1,0,0,0,0,2,3,1,1,1,1,0,0,1,1,0,0,4,3,2,1,1,3,0,12,12,13
560,1,17,1,1,1,1,1,2,3,0,1,2,1,0,0,1,0,1,0,1,1,1,4,5,5,1,3,1,0,10,9,10
561,1,18,0,0,1,1,1,0,0,0,1,2,2,0,0,1,0,1,1,1,0,0,4,3,3,1,4,4,6,10,9,10
562,0,16,1,0,1,2,2,2,3,0,0,1,2,0,0,0,0,1,1,1,0,1,5,4,3,1,1,0,0,11,13,12
563,1,17,0,1,1,2,2,2,2,0,1,1,1,1,0,0,0,1,1,1,0,1,1,2,1,2,3,4,0,7,0,0
564,1,16,1,1,1,3,2,3,2,0,0,2,1,0,0,0,0,0,1,1,1,0,4,5,5,2,3,4,2,11,9,10
565,1,16,1,0,1,1,1,0,2,0,1,2,1,0,0,0,0,1,1,1,1,0,4,5,5,2,4,4,0,10,10,9
566,1,18,1,1,1,1,1,3,2,0,2,2,1,1,0,1,0,0,1,0,1,1,5,3,3,2,3,4,2,9,7,9
567,1,18,1,1,1,3,2,3,2,0,1,1,1,1,0,0,0,0,1,0,1,0,2,3,1,2,2,4,0,4,0,0
568,1,19,0,1,1,3,2,0,3,0,1,2,1,3,0,0,0,1,1,1,0,0,3,2,1,1,1,2,4,6,11,9
569,1,18,0,1,1,3,3,0,0,0,1,1,2,2,0,1,0,1,1,0,1,0,4,4,5,1,3,2,9,4,8,8
570,1,16,1,1,1,2,2,3,3,0,1,2,1,0,0,1,0,1,1,1,1,1,5,4,3,2,4,3,6,7,8,8
571,1,19,0,1,1,2,1,0,2,0,2,2,1,3,0,0,0,1,0,0,1,1,4,4,3,1,3,4,4,8,9,9
572,0,16,0,1,0,3,2,3,0,0,1,2,2,2,0,1,0,1,1,1,0,1,2,5,5,1,1,0,8,5,5,7
573,0,17,0,1,1,1,1,2,0,0,1,1,1,0,0,1,0,1,1,1,0,0,4,3,2,1,2,4,9,7,9,10
574,1,20,1,1,1,1,1,2,2,0,2,2,1,1,0,1,0,0,1,0,1,1,4,4,3,2,4,3,12,8,11,10
575,0,18,1,1,0,4,3,3,3,0,1,1,1,0,0,1,0,0,1,1,1,0,5,4,4,3,4,1,8,10,11,10
576,1,18,1,1,1,3,2,2,2,0,1,2,1,0,0,1,0,0,0,1,1,0,2,5,5,5,5,4,8,9,10,11
577,1,19,1,1,1,1,1,2,3,1,2,3,2,1,0,0,0,0,1,1,1,0,5,4,4,3,3,1,8,10,9,11
578,1,17,0,1,1,3,3,1,2,0,1,2,2,1,0,1,0,0,1,1,1,0,4,5,4,2,3,2,4,8,9,10
579,1,18,0,0,1,1,3,0,3,0,1,1,1,0,0,0,0,0,1,0,1,1,4,3,3,2,3,2,0,9,10,9
580,1,19,1,1,1,1,1,2,2,1,2,3,1,1,0,1,0,0,1,1,1,0,4,4,4,3,3,4,4,8,9,10
581,0,18,0,1,0,1,2,0,2,0,1,2,2,2,0,1,0,0,1,1,0,0,4,3,3,1,1,4,2,6,8,8
582,0,19,0,0,0,1,1,0,2,0,1,1,1,0,0,1,0,0,1,0,0,0,1,4,4,1,1,4,0,6,8,7
583,0,18,1,1,1,2,2,2,2,2,1,2,1,1,0,0,0,0,1,0,1,1,5,5,5,1,1,2,0,8,6,0
584,0,17,1,1,1,0,0,0,2,0,1,2,1,0,0,1,0,0,1,1,1,0,4,4,3,1,1,4,0,10,11,11
585,0,17,1,0,0,3,1,2,0,0,2,2,3,0,0,1,1,0,1,0,0,0,4,2,3,2,2,2,5,8,7,8
586,0,17,0,1,1,4,2,4,3,1,1,1,2,0,1,1,0,1,1,1,1,0,5,5,5,1,3,4,0,8,8,0
587,0,18,1,0,1,2,2,3,3,0,1,1,2,1,0,1,0,1,1,1,1,0,2,3,3,1,2,3,3,7,6,8
588,0,17,0,1,1,4,1,1,0,0,1,1,1,0,0,1,0,0,1,1,0,1,3,2,2,1,1,4,0,8,10,9
589,0,17,0,0,1,1,2,0,2,0,0,1,1,0,0,0,0,0,1,1,1,0,5,5,1,1,1,2,0,7,10,10
590,0,18,0,1,1,1,1,2,2,0,1,3,2,2,0,0,0,1,1,1,0,1,3,4,4,2,2,4,3,7,8,7
591,0,18,0,1,1,2,2,3,0,3,0,2,2,0,0,0,0,1,0,1,1,0,4,3,5,1,1,0,2,12,13,14
592,0,17,0,1,1,3,3,3,3,0,1,2,1,0,0,1,0,0,1,1,1,0,4,4,3,1,1,3,0,11,12,13
593,0,18,0,0,0,1,2,0,2,3,1,2,2,0,0,0,0,0,1,1,1,0,4,4,3,1,2,3,0,12,13,14
594,0,18,0,1,1,4,4,4,4,3,1,2,2,0,0,0,0,1,0,1,1,0,4,3,5,1,2,0,0,18,18,18
595,1,18,0,0,1,4,4,3,2,3,1,1,1,0,0,1,0,1,1,1,1,0,5,4,5,1,1,4,3,17,17,17
596,0,17,0,1,1,4,2,2,2,0,1,2,2,0,0,1,0,0,1,1,1,0,4,3,3,1,2,3,0,17,18,18
597,0,18,1,1,1,2,2,0,2,0,1,3,2,1,0,0,0,1,1,1,0,1,4,3,3,1,1,3,0,9,0,0
598,1,18,0,0,1,1,2,0,3,1,1,2,1,0,0,1,0,0,0,1,0,0,4,1,4,5,5,0,8,10,11,11
599,1,18,1,1,1,4,4,0,3,2,1,3,1,0,0,1,1,1,1,1,1,1,2,5,5,1,1,0,5,12,13,14
600,1,17,1,1,1,1,1,2,3,2,0,3,1,0,0,0,0,0,0,0,0,0,4,2,3,3,4,3,4,12,13,14
601,0,18,0,1,1,2,2,2,2,0,1,2,2,0,0,1,0,0,0,1,1,1,1,3,1,1,1,1,4,8,8,10
602,0,18,0,0,1,2,2,3,3,0,0,2,3,0,0,0,0,0,1,1,1,1,5,4,5,1,4,2,0,11,12,13
603,0,18,1,0,0,4,2,4,2,3,1,1,2,0,0,0,0,1,1,1,1,1,5,3,1,1,1,4,0,5,0,0
604,0,18,0,1,1,1,1,0,3,0,1,3,2,1,0,0,0,0,1,0,0,0,4,4,2,1,2,1,2,9,10,10
605,0,19,0,1,1,1,1,0,3,2,0,2,1,1,0,0,0,0,1,0,0,0,5,5,5,2,3,1,0,5,0,0
606,0,17,0,1,1,4,2,4,2,0,0,2,4,0,0,0,0,0,1,1,1,1,4,2,3,3,1,4,0,18,18,18
607,0,17,1,0,0,2,1,3,2,3,1,2,2,0,0,0,0,1,1,1,1,1,5,3,3,1,2,1,5,11,11,12
608,0,18,0,0,0,1,1,0,3,0,1,1,2,0,0,0,0,0,1,1,0,1,5,2,3,1,2,2,2,8,10,11
609,0,18,0,1,1,1,2,0,0,0,0,2,2,0,0,1,0,0,1,0,0,0,4,1,1,1,1,3,0,11,11,12
610,0,19,1,1,0,1,1,0,0,0,2,2,2,3,0,1,0,1,1,0,0,1,3,5,4,1,4,0,0,8,0,0
611,0,18,1,1,1,2,2,3,2,1,1,2,3,0,0,0,0,0,1,1,1,1,4,2,1,1,1,3,5,14,14,15
612,1,17,1,1,1,4,3,3,2,1,1,2,2,1,0,1,1,1,0,1,1,1,4,5,5,1,3,1,4,10,11,11
613,0,18,0,1,1,3,3,3,3,0,0,1,2,0,0,1,0,0,1,1,0,1,5,3,4,1,1,4,0,10,10,10
614,0,17,1,1,1,4,4,4,3,2,0,2,2,0,0,1,1,1,1,1,1,0,4,3,3,1,2,4,2,12,12,12
615,0,17,0,0,0,3,2,3,2,3,1,2,2,0,0,0,0,0,1,1,0,1,1,2,3,1,2,4,0,15,14,15
616,1,18,0,0,1,1,1,2,3,1,0,2,1,0,0,0,0,0,0,1,1,1,3,3,2,1,2,2,2,14,13,14
617,0,18,0,0,1,1,1,0,3,0,0,2,3,0,0,0,0,0,1,1,1,0,5,3,2,1,1,3,0,19,17,18
618,0,18,1,0,0,1,2,0,2,0,1,3,2,0,0,0,0,0,1,1,0,1,4,3,4,1,4,4,0,16,15,15
619,0,18,0,1,1,3,3,3,3,2,1,2,2,0,0,1,0,0,1,1,1,1,4,3,2,1,3,2,6,13,12,13
620,0,17,0,0,1,4,4,0,0,0,1,1,2,0,0,1,0,1,1,1,1,1,2,3,4,1,1,0,4,15,14,15
621,0,17,1,1,1,1,2,2,3,0,0,2,2,0,0,0,0,0,0,1,0,0,3,2,2,1,2,2,0,13,13,13
622,1,18,1,1,1,1,3,0,2,0,1,2,2,0,0,1,1,0,1,1,0,0,3,3,4,2,4,2,0,8,10,9
623,1,18,0,0,1,4,4,4,3,2,1,2,3,0,0,0,0,0,1,1,1,1,4,2,2,2,2,4,0,15,16,16
624,0,17,1,1,1,1,1,2,3,3,1,3,1,1,0,1,0,0,1,1,1,1,5,2,1,1,2,0,0,8,8,9
625,0,18,0,1,1,2,3,0,3,0,0,2,1,0,0,1,0,0,1,1,1,1,5,2,3,1,2,3,0,10,10,10
626,0,18,1,1,1,4,4,2,4,2,0,3,2,0,0,1,0,0,0,1,1,1,3,2,2,4,2,4,0,7,5,0
627,1,18,1,0,1,1,2,0,3,2,0,3,1,0,0,1,0,1,1,0,1,1,4,3,3,2,3,2,3,9,10,10
628,0,17,0,1,1,2,2,2,0,1,1,1,3,0,0,0,0,1,1,1,0,1,3,4,3,1,1,2,8,10,11,12
629,0,17,1,1,1,1,2,2,2,0,1,1,1,0,0,0,0,1,1,1,1,0,3,5,5,1,3,0,4,7,8,9
630,0,18,1,0,1,4,4,2,2,3,1,2,3,0,0,0,0,0,1,1,1,0,5,4,4,1,1,0,0,15,17,17
631,0,18,1,1,1,1,1,2,2,1,1,4,3,0,0,0,0,0,1,1,1,0,4,3,2,1,2,3,4,10,11,12
632,0,19,1,1,1,1,1,0,2,0,2,2,2,1,0,1,0,0,1,1,1,1,4,3,3,1,1,2,4,7,8,9
633,0,18,1,0,1,4,4,4,3,0,1,1,2,0,0,0,0,1,1,1,1,0,5,4,3,3,4,1,1,13,14,14
634,0,18,0,1,1,3,3,2,2,1,1,1,2,0,0,0,0,0,1,1,1,1,4,1,3,1,2,0,1,16,16,16
635,0,17,1,1,1,3,1,0,2,3,1,1,2,0,0,1,0,1,0,1,1,0,4,5,4,2,3,0,10,8,9,9
636,1,18,0,1,1,4,4,4,4,1,0,1,2,0,0,0,0,1,0,1,1,0,3,2,4,1,4,1,4,17,18,19
637,1,18,1,1,1,2,1,2,2,2,1,2,1,0,0,0,0,1,0,1,1,1,4,4,3,1,3,4,0,7,7,0
638,1,17,0,1,1,2,3,2,3,1,0,2,2,0,0,0,0,1,1,1,1,0,4,4,3,1,1,2,4,14,15,16
639,1,19,1,1,1,1,1,2,3,2,1,2,1,1,0,0,0,0,1,1,0,0,4,3,2,1,3,4,0,5,8,0
640,1,18,1,1,1,4,2,2,2,1,0,2,1,1,0,0,1,0,1,1,0,0,5,4,3,4,3,2,0,7,7,0
641,0,18,1,1,1,2,2,0,2,2,1,2,3,0,0,0,0,0,1,1,0,0,5,3,3,1,3,3,0,14,17,15
642,0,17,0,1,1,4,3,4,2,2,1,2,2,0,0,0,0,0,1,1,1,0,5,5,4,1,1,0,0,6,9,11
643,0,18,1,1,1,4,4,4,0,3,1,3,1,0,0,1,0,1,1,1,1,1,4,4,3,2,2,4,4,7,9,10
644,0,19,1,1,1,2,3,3,2,0,1,1,3,1,0,0,0,1,0,1,1,0,5,4,2,1,2,4,4,10,11,10
645,0,18,0,0,1,3,1,4,3,0,1,1,2,0,0,1,0,0,1,1,1,0,4,3,4,1,1,0,4,15,15,16
646,0,18,0,1,1,1,1,2,2,0,1,2,2,0,0,0,0,1,1,1,0,0,1,1,1,1,1,4,6,11,12,9
647,1,17,0,0,1,3,1,3,3,0,1,2,1,0,0,0,0,0,0,1,1,0,2,4,5,3,4,1,6,10,10,10
648,1,18,1,0,1,3,2,3,2,0,1,3,1,0,0,0,0,0,0,1,1,0,4,4,1,3,4,4,4,10,11,11
